"Team","Age","W","L","PW","PL","MOV","SOS","SRS","ORtg","DRtg","NRtg","Pace","FTr","X3PAr","TS.","Off_eFG","Off_TOV","ORB.","Off_FT_FGA","Def_eFG","Def_TOV","DRB.","Def_FT_FGA","Arena","Attend.","Attend..G","year","luck","Home_TeamID","Away_TeamID"
"Atlanta Hawks",25.8,47,35,46,36,1.57,0.13,1.7,109.3,107.6,1.7,89.6,0.323,0.253,0.546,0.504,12.5,26,0.238,0.494,13.2,71.6,0.21,"Philips Arena",686688,16748,2009,1,"ATL-2009","ATL-2009"
"Atlanta Hawks",27.1,44,38,42,40,0.4,-0.48,-0.08,104.8,104.4,0.4,92.6,0.244,0.286,0.546,0.517,14.2,22.2,0.174,0.496,14.2,73.6,0.181,"Philips Arena",620146,15126,2013,2,"ATL-2013","ATL-2013"
"Atlanta Hawks",27.4,44,38,39,43,-0.82,-0.28,-1.1,106.1,107,-0.9,89.3,0.269,0.222,0.542,0.501,13.5,23.4,0.209,0.495,12.3,74.6,0.211,"Philips Arena",641596,15649,2011,5,"ATL-2011","ATL-2011"
"Atlanta Hawks",24.1,30,52,27,55,-4.76,-0.1,-4.86,103,108.3,-5.3,90,0.346,0.163,0.523,0.471,15.1,29.2,0.263,0.503,14.5,70.9,0.268,"Philips Arena",639375,15595,2007,3,"ATL-2007","ATL-2007"
"Atlanta Hawks",28.2,48,34,51,31,3.61,-0.12,3.49,105.1,101.4,3.7,97.1,0.237,0.336,0.552,0.516,13.8,19.1,0.185,0.48,14.4,74.6,0.194,"Philips Arena",690150,16833,2016,-3,"ATL-2016","ATL-2016"
"Atlanta Hawks",27.5,38,44,40,42,-0.48,-0.4,-0.88,105.9,106.4,-0.5,94.6,0.266,0.316,0.554,0.515,14.3,21,0.208,0.51,14,74.4,0.196,"Philips Arena",587927,14231,2014,-2,"ATL-2014","ATL-2014"
"Atlanta Hawks",25.4,41,31,41,31,2.32,-0.18,2.14,115.7,113.3,2.4,97.6,0.278,0.382,0.581,0.539,11.9,24.4,0.226,0.53,11.1,77.8,0.19,"State Farm Arena",59288,1647,2021,0,"ATL-2021","ATL-2021"
"Atlanta Hawks",27.8,60,22,56,26,5.43,-0.68,4.75,108.9,103.1,5.8,93.9,0.259,0.321,0.563,0.527,13.5,21.4,0.201,0.492,14.9,73.4,0.185,"Philips Arena",713909,17412,2015,4,"ATL-2015","ATL-2015"
"Atlanta Hawks",27.9,40,26,41,25,3.44,-0.77,2.67,104.9,101.2,3.7,90.2,0.259,0.249,0.535,0.5,13.4,23.9,0.192,0.48,14.4,74.4,0.186,"Philips Arena",501593,15200,2012,-1,"ATL-2012","ATL-2012"
"Atlanta Hawks",24.2,37,45,36,46,-1.82,-0.41,-2.23,106.9,108.9,-2,91.1,0.34,0.165,0.535,0.483,14,29.7,0.263,0.501,12.9,71.7,0.217,"Philips Arena",667518,16281,2008,1,"ATL-2008","ATL-2008"
"Atlanta Hawks",25.4,24,58,27,55,-5.45,0.15,-5.3,105,110.6,-5.6,98.3,0.236,0.363,0.547,0.512,14.1,21.1,0.185,0.536,13.6,76.2,0.183,"Philips Arena",590769,14409,2018,-3,"ATL-2018","ATL-2018"
"Atlanta Hawks",26.5,53,29,54,28,4.66,-0.22,4.44,111.9,106.7,5.2,90.1,0.281,0.214,0.545,0.506,11.4,28.2,0.213,0.496,13.2,72.7,0.208,"Philips Arena",678375,16546,2010,-1,"ATL-2010","ATL-2010"
"Atlanta Hawks",27.9,43,39,39,43,-0.85,-0.38,-1.23,104.9,105.7,-0.8,97.4,0.295,0.309,0.541,0.504,14.2,23.6,0.215,0.507,13.8,76.1,0.179,"Philips Arena",654306,15959,2017,4,"ATL-2017","ATL-2017"
"Atlanta Hawks",26.1,43,39,45,37,1.56,-0.01,1.55,116.5,114.9,1.6,97.7,0.253,0.39,0.581,0.543,10.8,23,0.205,0.543,11.5,76.9,0.177,"State Farm Arena",672742,16408,2022,-2,"ATL-2022","ATL-2022"
"Atlanta Hawks",24.1,20,47,18,49,-7.97,0.27,-7.71,107.2,114.8,-7.6,103,0.258,0.398,0.554,0.515,13.8,21.6,0.204,0.543,12.7,74.9,0.233,"State Farm Arena",545453,16043,2020,2,"ATL-2020","ATL-2020"
"Atlanta Hawks",25.1,29,53,27,55,-6.02,-0.04,-6.06,108.1,113.9,-5.8,103.9,0.255,0.403,0.555,0.522,14.3,24.7,0.192,0.541,12.8,76.4,0.237,"State Farm Arena",628440,15328,2019,2,"ATL-2019","ATL-2019"
"Boston Celtics",25,40,42,41,41,0.16,-0.56,-0.4,104.7,104.5,0.2,95.8,0.233,0.28,0.523,0.489,12.5,24.7,0.176,0.494,13.7,75,0.208,"TD Garden",721350,17594,2015,-1,"BOS-2015","BOS-2015"
"Boston Celtics",27.9,66,16,67,15,10.26,-0.95,9.3,110.2,98.9,11.3,90.9,0.346,0.249,0.569,0.522,14.7,26.6,0.267,0.457,15.2,74.4,0.253,"TD Banknorth Garden",763584,18624,2008,-1,"BOS-2008","BOS-2008"
"Boston Celtics",25.9,53,29,48,34,2.63,-0.39,2.25,111.2,108.4,2.8,96.8,0.273,0.393,0.567,0.525,12.2,21.2,0.22,0.503,12.6,75.3,0.223,"TD Garden",760690,18553,2017,5,"BOS-2017","BOS-2017"
"Boston Celtics",23.5,24,58,31,51,-3.41,-0.29,-3.7,103.2,106.9,-3.7,92,0.337,0.199,0.53,0.479,15.4,27,0.259,0.502,14.5,73.8,0.28,"TD Banknorth Garden",690576,16843,2007,-7,"BOS-2007","BOS-2007"
"Boston Celtics",26.1,51,31,59,23,7.28,-0.26,7.02,114.4,106.9,7.5,96.6,0.239,0.425,0.578,0.542,12.4,24,0.195,0.502,12.5,77.3,0.183,"TD Garden",727928,17754,2022,-8,"BOS-2022","BOS-2022"
"Boston Celtics",29.3,39,27,39,27,2.52,-0.26,2.26,101,98.2,2.8,90.4,0.257,0.194,0.535,0.496,14.7,19.7,0.2,0.452,14.9,72.4,0.216,"TD Garden",614592,18624,2012,0,"BOS-2012","BOS-2012"
"Boston Celtics",25.3,48,24,50,22,6.31,-0.47,5.83,113.3,107,6.3,99.5,0.259,0.386,0.57,0.531,12.2,23.9,0.207,0.509,13.5,77.4,0.215,"TD Garden",610864,19090,2020,-2,"BOS-2020","BOS-2020"
"Boston Celtics",29.4,50,32,52,30,3.66,-0.29,3.37,107.7,103.8,3.9,91.6,0.332,0.228,0.564,0.522,14.5,22.8,0.248,0.487,14.9,73.8,0.251,"TD Garden",763584,18624,2010,-2,"BOS-2010","BOS-2010"
"Boston Celtics",25.1,36,36,39,33,1.46,-0.14,1.32,114,112.5,1.5,98.3,0.234,0.409,0.574,0.543,12.5,24.3,0.181,0.539,12.8,78.1,0.215,"TD Garden",30067,835,2021,-3,"BOS-2021","BOS-2021"
"Boston Celtics",27.8,62,20,61,21,7.51,-0.07,7.44,110.5,102.3,8.2,90.4,0.328,0.214,0.571,0.528,15,27.9,0.251,0.47,14,75.6,0.253,"TD Banknorth Garden",763584,18624,2009,1,"BOS-2009","BOS-2009"
"Boston Celtics",25.2,48,34,50,32,3.21,-0.37,2.84,106.8,103.6,3.2,98.5,0.264,0.293,0.531,0.488,12.1,25.1,0.208,0.487,14.6,74.6,0.231,"TD Garden",749076,18270,2016,-2,"BOS-2016","BOS-2016"
"Boston Celtics",24.7,55,27,51,31,3.59,-0.35,3.23,107.6,103.9,3.7,96,0.243,0.357,0.552,0.518,13,21.5,0.188,0.495,13,78.4,0.191,"TD Garden",763584,18624,2018,4,"BOS-2018","BOS-2018"
"Boston Celtics",29.5,56,26,57,25,5.37,-0.54,4.83,106.2,100.3,5.9,90.4,0.305,0.18,0.561,0.519,14.5,21.1,0.235,0.469,14.8,74.7,0.235,"TD Garden",763584,18624,2011,-1,"BOS-2011","BOS-2011"
"Boston Celtics",25.7,49,33,52,30,4.44,-0.54,3.9,112.2,107.8,4.4,99.6,0.215,0.381,0.567,0.534,11.5,21.6,0.173,0.514,13.4,77,0.198,"TD Garden",763584,18624,2019,-3,"BOS-2019","BOS-2019"
"Boston Celtics",25.4,25,57,28,54,-4.46,-0.51,-4.97,102.9,107.7,-4.8,93.3,0.248,0.251,0.517,0.477,14.2,27.4,0.193,0.505,13.4,74.2,0.227,"TD Garden",742400,18107,2014,-3,"BOS-2014","BOS-2014"
"Boston Celtics",29.1,41,40,40,41,-0.22,-0.4,-0.62,103.1,103.3,-0.2,91.7,0.263,0.215,0.542,0.503,14.1,20.1,0.204,0.482,14.2,73.3,0.216,"TD Garden",744960,18624,2013,1,"BOS-2013","BOS-2013"
"Brooklyn Nets",28.6,38,44,33,49,-2.88,-0.25,-3.13,104.4,107.4,-3,92.7,0.267,0.24,0.529,0.491,13,23.9,0.2,0.506,12.9,73.7,0.185,"Barclays Center",698529,17037,2015,5,"BKN-2015","BKN-2015"
"Brooklyn Nets",25.4,42,40,41,41,-0.07,-0.33,-0.4,109.6,109.7,-0.1,100.8,0.284,0.403,0.556,0.52,13,23.8,0.211,0.512,11.6,76.4,0.19,"Barclays Center",612597,14941,2019,1,"BKN-2019","BKN-2019"
"Brooklyn Nets",28.6,49,33,46,36,1.78,-0.53,1.25,108.2,106.2,2,88.8,0.299,0.269,0.536,0.498,14,30.9,0.219,0.503,13.1,73.7,0.174,"Barclays Center",704702,17188,2013,3,"BKN-2013","BKN-2013"
"Brooklyn Nets",26.9,21,61,22,60,-7.35,0.24,-7.12,103.2,110.9,-7.7,95.2,0.246,0.218,0.527,0.492,13.6,24.1,0.186,0.534,13.1,75.7,0.176,"Barclays Center",620142,15125,2016,-1,"BKN-2016","BKN-2016"
"Brooklyn Nets",28.2,48,24,46,26,4.5,-0.27,4.24,118.3,113.8,4.5,99.5,0.258,0.413,0.61,0.575,12.2,21.4,0.208,0.531,11.1,77.3,0.187,"Barclays Center",30491,847,2021,2,"BKN-2021","BKN-2021"
"Brooklyn Nets",25.1,28,54,31,51,-3.74,0.07,-3.67,106.9,110.6,-3.7,98.9,0.26,0.411,0.551,0.514,13.6,21,0.201,0.517,11,77,0.201,"Barclays Center",640010,15376,2018,-3,"BKN-2018","BKN-2018"
"Brooklyn Nets",30,44,38,38,44,-1,-0.58,-1.58,106.7,107.7,-1,91.4,0.313,0.301,0.555,0.514,14.1,21.7,0.236,0.509,14.9,72.3,0.236,"Barclays Center",707331,17252,2014,6,"BKN-2014","BKN-2014"
"Brooklyn Nets",26.3,35,37,35,37,-0.57,-0.44,-1.01,108.9,109.5,-0.6,101.4,0.267,0.423,0.554,0.52,13.1,23.2,0.199,0.511,11,77.8,0.187,"Barclays Center",524907,16403,2020,0,"BKN-2020","BKN-2020"
"Brooklyn Nets",29.1,44,38,43,39,0.78,0.04,0.82,113.6,112.8,0.8,99,0.246,0.359,0.576,0.54,12.5,23.9,0.198,0.521,11.7,75.1,0.201,"Barclays Center",711539,17355,2022,1,"BKN-2022","BKN-2022"
"Brooklyn Nets",26,20,62,24,58,-6.73,-0.01,-6.74,104.1,110.7,-6.6,101.3,0.289,0.371,0.551,0.507,14.7,19.6,0.228,0.513,11.6,76.1,0.212,"Barclays Center",632608,15429,2017,-4,"BKN-2017","BKN-2017"
"Charlotte Bobcats",25.5,33,49,30,52,-3.74,-0.22,-3.97,103.6,107.6,-4,92,0.322,0.193,0.524,0.48,13.9,26.4,0.236,0.5,14.7,71.6,0.279,"Charlotte Bobcats Arena",637520,15549,2007,3,"CHA-2007","CHA-2007"
"Charlotte Bobcats",25.8,35,47,37,45,-1.27,0.07,-1.2,104.7,106.1,-1.4,88.3,0.312,0.213,0.536,0.494,15.1,27.7,0.231,0.498,14.4,73,0.229,"Time Warner Cable Arena",597548,14574,2009,-2,"CHA-2009","CHA-2009"
"Charlotte Bobcats",26.3,32,50,29,53,-4.38,-0.11,-4.49,104.6,109.4,-4.8,91.8,0.323,0.22,0.532,0.492,13.9,25.6,0.23,0.505,13.4,71,0.235,"Charlotte Bobcats Arena",603403,14717,2008,3,"CHA-2008","CHA-2008"
"Charlotte Bobcats",26.9,34,48,29,53,-4,-0.08,-4.08,103.4,107.8,-4.4,89.6,0.314,0.189,0.528,0.482,14.1,25.7,0.237,0.5,12.9,75.2,0.229,"Time Warner Cable Arena",649694,15846,2011,5,"CHA-2011","CHA-2011"
"Charlotte Bobcats",25.5,43,39,40,42,-0.22,-0.67,-0.89,103.6,103.8,-0.2,92.4,0.297,0.219,0.522,0.481,11.7,21.9,0.219,0.491,12.6,77.6,0.183,"Time Warner Cable Arena",636268,15519,2014,3,"CHA-2014","CHA-2014"
"Charlotte Bobcats",24.5,7,59,7,59,-13.91,-0.05,-13.96,95.2,110.4,-15.2,91.1,0.276,0.169,0.483,0.439,13.9,23.6,0.206,0.512,12.8,70.9,0.206,"Time Warner Cable Arena",486984,14757,2012,0,"CHA-2012","CHA-2012"
"Charlotte Bobcats",27.4,44,38,45,37,1.46,-0.17,1.3,104.4,102.8,1.6,90.4,0.346,0.211,0.538,0.49,15.1,26.5,0.26,0.491,14.7,74.2,0.194,"Time Warner Cable Arena",648520,15818,2010,-1,"CHA-2010","CHA-2010"
"Charlotte Bobcats",24.4,21,61,17,65,-9.23,-0.06,-9.29,101.5,111.5,-10,91.5,0.31,0.21,0.507,0.46,13.2,25.7,0.233,0.524,13.2,71.1,0.197,"Time Warner Cable Arena",628293,15324,2013,4,"CHA-2013","CHA-2013"
"Charlotte Hornets",26.6,36,46,42,40,0.26,-0.19,0.07,109.4,109.1,0.3,98.4,0.312,0.314,0.549,0.508,11.4,22.2,0.233,0.532,12.4,80.7,0.165,"Spectrum Center",671404,16376,2018,-6,"CHA-2018","CHA-2018"
"Charlotte Hornets",26.6,39,43,38,44,-1.1,-0.22,-1.32,111.4,112.5,-1.1,98.7,0.257,0.378,0.554,0.514,10.9,21.7,0.205,0.538,12.1,77.1,0.179,"Spectrum Center",676570,16502,2019,1,"CHA-2019","CHA-2019"
"Charlotte Hornets",24.6,33,39,32,40,-1.93,-0.01,-1.94,110.9,112.8,-1.9,98.3,0.238,0.422,0.564,0.532,13.3,23.5,0.181,0.55,13.2,75.7,0.163,"Spectrum Center",68255,1896,2021,1,"CHA-2021","CHA-2021"
"Charlotte Hornets",26.5,36,46,42,40,0.2,-0.26,-0.07,108.8,108.6,0.2,95.7,0.279,0.335,0.547,0.501,10.7,19.9,0.227,0.523,12.1,79.6,0.164,"Spectrum Center",710643,17333,2017,-6,"CHA-2017","CHA-2017"
"Charlotte Hornets",26,33,49,32,50,-3.17,-0.27,-3.44,100.1,103.5,-3.4,93,0.269,0.226,0.498,0.456,11.2,22.1,0.202,0.487,12,79.3,0.188,"Time Warner Cable Arena",704886,17192,2015,1,"CHA-2015","CHA-2015"
"Charlotte Hornets",24.3,23,42,19,46,-6.75,-0.28,-7.03,106.3,113.3,-7,95.8,0.252,0.399,0.539,0.504,13.3,23.9,0.188,0.546,13.1,74.4,0.159,"Spectrum Center",478591,15428,2020,4,"CHA-2020","CHA-2020"
"Charlotte Hornets",25.5,43,39,42,40,0.44,0.09,0.53,114.1,113.7,0.4,100,0.234,0.418,0.572,0.544,11.6,23.3,0.173,0.544,13.1,74.8,0.187,"Spectrum Center",700755,17092,2022,1,"CHA-2022","CHA-2022"
"Charlotte Hornets",26,48,34,49,33,2.72,-0.36,2.36,107.1,104.3,2.8,95.7,0.28,0.348,0.545,0.502,11.7,20,0.222,0.496,12.5,79.8,0.191,"Time Warner Cable Arena",716894,17485,2016,-1,"CHA-2016","CHA-2016"
"Chicago Bulls",25.6,31,41,34,38,-0.89,-0.05,-0.94,111.1,112,-0.9,99,0.197,0.383,0.575,0.547,13.6,22.3,0.156,0.538,11.6,80.3,0.196,"United Center",13655,379,2021,-3,"CHI-2021","CHI-2021"
"Chicago Bulls",24,22,60,21,61,-8.41,0.1,-8.32,104.8,113.2,-8.4,99,0.235,0.295,0.541,0.505,12.7,19.4,0.184,0.541,11.9,77.3,0.188,"United Center",823475,20085,2019,1,"CHI-2019","CHI-2019"
"Chicago Bulls",26,49,33,55,27,5.01,-0.49,4.52,104.9,99.6,5.3,93.6,0.313,0.186,0.534,0.493,14.7,28.6,0.229,0.473,16.2,74.3,0.252,"United Center",912364,22253,2007,-6,"CHI-2007","CHI-2007"
"Chicago Bulls",28,45,37,42,40,0.32,-0.33,-0.02,103.5,103.2,0.3,89.3,0.259,0.189,0.512,0.47,13.6,29.4,0.201,0.477,13.2,73.6,0.206,"United Center",896944,21877,2013,3,"CHI-2013","CHI-2013"
"Chicago Bulls",26.2,41,41,36,46,-1.63,0,-1.64,103.5,105.3,-1.8,93.1,0.287,0.156,0.52,0.477,13.3,26.6,0.217,0.484,12.3,74.8,0.212,"United Center",849760,20726,2010,5,"CHI-2010","CHI-2010"
"Chicago Bulls",25.7,33,49,32,50,-3.09,-0.11,-3.19,103.9,107.2,-3.3,93,0.296,0.19,0.515,0.47,13.4,28.9,0.223,0.496,14.2,73.1,0.258,"United Center",901502,21988,2008,1,"CHI-2008","CHI-2008"
"Chicago Bulls",28.6,48,34,47,35,1.85,-0.66,1.2,102.5,100.5,2,90.2,0.29,0.222,0.518,0.471,14.2,27.2,0.226,0.471,13.7,75.4,0.189,"United Center",890370,21716,2014,1,"CHI-2014","CHI-2014"
"Chicago Bulls",28.8,50,32,50,32,3,-0.46,2.54,107.5,104.3,3.2,92.8,0.304,0.269,0.536,0.489,12.9,27,0.238,0.473,11.3,74.4,0.182,"United Center",886612,21625,2015,0,"CHI-2015","CHI-2015"
"Chicago Bulls",27.6,42,40,37,45,-1.48,0.01,-1.46,105,106.5,-1.5,95.7,0.24,0.244,0.526,0.487,12.6,24.5,0.189,0.485,10.7,74.9,0.182,"United Center",894659,21821,2016,5,"CHI-2016","CHI-2016"
"Chicago Bulls",26.3,46,36,40,42,-0.39,0.02,-0.38,113.2,113.6,-0.4,98.3,0.248,0.332,0.579,0.541,11.8,20.4,0.201,0.541,11.9,78.3,0.199,"United Center",856148,20882,2022,6,"CHI-2022","CHI-2022"
"Chicago Bulls",27.1,50,16,51,15,8.18,-0.76,7.43,107.4,98.3,9.1,89.1,0.255,0.205,0.523,0.49,13.2,32.6,0.184,0.45,12.8,74.3,0.175,"United Center",731326,22161,2012,-1,"CHI-2012","CHI-2012"
"Chicago Bulls",24.9,41,41,40,42,-0.28,0.12,-0.16,108.4,108.7,-0.3,93.1,0.3,0.189,0.541,0.493,13.3,28,0.239,0.493,13.1,70.9,0.238,"United Center",868667,21187,2009,1,"CHI-2009","CHI-2009"
"Chicago Bulls",24.4,22,43,26,39,-3.08,-0.93,-4,106.7,109.8,-3.1,99.7,0.231,0.396,0.547,0.515,13.7,22.8,0.175,0.546,16.3,75.6,0.239,"United Center",639352,18804,2020,-4,"CHI-2020","CHI-2020"
"Chicago Bulls",26.9,41,41,42,40,0.43,-0.39,0.03,107.4,107,0.4,95.3,0.259,0.256,0.53,0.487,12.3,27,0.206,0.507,12.4,76.8,0.169,"United Center",888882,21680,2017,-1,"CHI-2017","CHI-2017"
"Chicago Bulls",26.4,62,20,61,21,7.32,-0.79,6.53,108.3,100.3,8,90.4,0.305,0.215,0.541,0.501,13.5,29.4,0.227,0.463,13.6,76.2,0.222,"United Center",893462,21792,2011,1,"CHI-2011","CHI-2011"
"Chicago Bulls",24.4,27,55,23,59,-7.04,0.2,-6.84,103.8,110.9,-7.1,98.3,0.216,0.35,0.529,0.497,12.6,20.6,0.164,0.542,12.4,80.6,0.184,"United Center",851824,20776,2018,4,"CHI-2018","CHI-2018"
"Cleveland Cavaliers",28,61,21,59,23,6.52,-0.36,6.17,111.2,104.1,7.1,91.4,0.341,0.248,0.57,0.532,13.4,25.1,0.246,0.482,12.3,77.2,0.218,"Quicken Loans Arena",843042,20562,2010,2,"CLE-2010","CLE-2010"
"Cleveland Cavaliers",30.6,50,32,43,39,0.94,-0.35,0.59,112.9,111.9,1,98,0.275,0.379,0.584,0.547,12.6,20.1,0.214,0.54,12.2,77.3,0.166,"Quicken Loans Arena",843042,20562,2018,7,"CLE-2018","CLE-2018"
"Cleveland Cavaliers",26.9,50,32,52,30,3.83,-0.5,3.33,105.5,101.3,4.2,90.8,0.32,0.211,0.522,0.484,13.4,29.7,0.223,0.48,14.7,75.8,0.243,"Quicken Loans Arena",837883,20436,2007,-2,"CLE-2007","CLE-2007"
"Cleveland Cavaliers",25.2,19,63,19,63,-9.61,0.22,-9.39,107.7,117.6,-9.9,96.6,0.236,0.332,0.54,0.503,12.2,23.7,0.187,0.564,11.5,77,0.181,"Quicken Loans Arena",793337,19350,2019,0,"CLE-2019","CLE-2019"
"Cleveland Cavaliers",24,22,50,18,54,-8.44,0.25,-8.19,105.8,114.4,-8.6,97.3,0.261,0.347,0.543,0.508,13.9,23.6,0.194,0.556,13,76.6,0.183,"Rocket Mortgage Fieldhouse",91476,2541,2021,4,"CLE-2021","CLE-2021"
"Cleveland Cavaliers",26.6,66,16,65,17,8.93,-0.25,8.68,112.4,102.4,10,88.7,0.312,0.259,0.56,0.519,12.5,27.7,0.236,0.468,13.5,74.6,0.226,"Quicken Loans Arena",841000,20512,2009,1,"CLE-2009","CLE-2009"
"Cleveland Cavaliers",24.7,44,38,47,35,2.12,-0.08,2.04,111.9,109.7,2.2,96.1,0.261,0.387,0.571,0.538,13.2,24,0.198,0.52,12.3,76.5,0.172,"Rocket Mortgage Fieldhouse",758228,18493,2022,-3,"CLE-2022","CLE-2022"
"Cleveland Cavaliers",24.9,33,49,32,50,-3.29,-0.57,-3.86,104.2,107.7,-3.5,93.1,0.268,0.236,0.518,0.479,13,27.2,0.201,0.508,13,75.8,0.199,"Quicken Loans Arena",710522,17330,2014,1,"CLE-2014","CLE-2014"
"Cleveland Cavaliers",29.2,51,31,49,33,3.18,-0.31,2.87,113.6,110.3,3.3,96.2,0.275,0.399,0.58,0.547,12.6,21.9,0.206,0.516,11.4,75.8,0.174,"Quicken Loans Arena",843042,20562,2017,2,"CLE-2017","CLE-2017"
"Cleveland Cavaliers",28.1,57,25,57,25,6,-0.55,5.45,110.9,104.5,6.4,93.3,0.259,0.352,0.558,0.524,12.7,25.1,0.194,0.496,12.6,78.5,0.205,"Quicken Loans Arena",843042,20562,2016,0,"CLE-2016","CLE-2016"
"Cleveland Cavaliers",25,19,46,18,47,-7.89,0.12,-7.77,107.5,115.4,-7.9,98.7,0.227,0.362,0.553,0.522,14.6,24.6,0.172,0.56,11.7,77.4,0.164,"Rocket Mortgage Fieldhouse",643008,17861,2020,1,"CLE-2020","CLE-2020"
"Cleveland Cavaliers",26,21,45,17,49,-7.2,-0.14,-7.34,101.1,108.9,-7.8,91.3,0.307,0.238,0.505,0.463,14.3,28.9,0.22,0.508,13.1,72.2,0.202,"Quicken Loans Arena",525577,15927,2012,4,"CLE-2012","CLE-2012"
"Cleveland Cavaliers",27.1,45,37,40,42,-0.35,-0.17,-0.53,106,106.4,-0.4,90.2,0.308,0.231,0.52,0.48,13.1,30.4,0.221,0.494,12.9,75.9,0.24,"Quicken Loans Arena",839074,20465,2008,5,"CLE-2008","CLE-2008"
"Cleveland Cavaliers",26.9,53,29,53,29,4.48,-0.4,4.08,111.1,106.3,4.8,92.3,0.287,0.334,0.557,0.52,13.4,26.8,0.216,0.502,12.6,74.7,0.177,"Quicken Loans Arena",843042,20562,2015,0,"CLE-2015","CLE-2015"
"Cleveland Cavaliers",24.1,24,58,28,54,-4.68,-0.19,-4.87,104.3,109.4,-5.1,92.3,0.265,0.229,0.514,0.473,13,28.1,0.2,0.523,14.4,72.6,0.225,"Quicken Loans Arena",663882,16192,2013,-4,"CLE-2013","CLE-2013"
"Cleveland Cavaliers",26.6,19,63,18,64,-9.01,0.14,-8.88,102.2,111.8,-9.6,93,0.312,0.224,0.518,0.472,13.4,24.2,0.233,0.524,12.7,73.3,0.211,"Quicken Loans Arena",824595,20112,2011,1,"CLE-2011","CLE-2011"
"Dallas Mavericks",30.3,42,40,40,42,-0.3,0.29,-0.02,106.7,107,-0.3,94.3,0.265,0.339,0.544,0.502,12,20.6,0.211,0.504,12.8,76.2,0.198,"American Airlines Center",825901,20144,2016,2,"DAL-2016","DAL-2016"
"Dallas Mavericks",26.3,42,30,41,31,2.26,-0.01,2.26,115.4,113,2.4,97.3,0.242,0.436,0.582,0.55,11.1,21.1,0.189,0.534,11.5,77.8,0.197,"American Airlines Center",94849,2635,2021,1,"DAL-2021","DAL-2021"
"Dallas Mavericks",30.7,55,27,49,33,2.72,-0.06,2.66,109.2,106.3,2.9,92.5,0.277,0.222,0.552,0.506,12.3,24.3,0.226,0.495,13.6,73.7,0.206,"American Airlines Center",819770,19994,2010,6,"DAL-2010","DAL-2010"
"Dallas Mavericks",30.6,49,33,48,34,2.4,0.5,2.91,111.2,108.7,2.5,93.5,0.253,0.274,0.564,0.526,12.7,24.6,0.201,0.515,14.8,72.7,0.229,"American Airlines Center",817982,19951,2014,1,"DAL-2014","DAL-2014"
"Dallas Mavericks",29,50,32,47,35,1.98,-0.3,1.68,110.5,108.4,2.1,91.5,0.274,0.241,0.55,0.504,12.1,26.6,0.224,0.493,12.3,74.6,0.225,"American Airlines Center",821723,20042,2009,3,"DAL-2009","DAL-2009"
"Dallas Mavericks",31.3,36,30,35,31,0.95,0.83,1.78,103.3,102.3,1,91.4,0.246,0.271,0.527,0.489,13.4,23.4,0.19,0.479,13.9,74.8,0.203,"American Airlines Center",671050,20335,2012,1,"DAL-2012","DAL-2012"
"Dallas Mavericks",26.7,52,30,50,32,3.3,-0.18,3.12,112.8,109.4,3.4,95.4,0.249,0.439,0.572,0.538,11.7,21.3,0.192,0.521,12.2,78,0.185,"American Airlines Center",808037,19708,2022,2,"DAL-2022","DAL-2022"
"Dallas Mavericks",30.9,57,25,53,29,4.23,0.18,4.41,109.7,105,4.7,91.3,0.286,0.274,0.565,0.525,13.6,24.1,0.222,0.488,13,74.8,0.206,"American Airlines Center",824162,20102,2011,4,"DAL-2011","DAL-2011"
"Dallas Mavericks",26.1,43,32,49,26,4.95,-0.07,4.87,116.7,111.7,5,99.3,0.264,0.457,0.581,0.545,11.2,23.2,0.206,0.525,10.6,77.7,0.175,"American Airlines Center",682096,20062,2020,-6,"DAL-2020","DAL-2020"
"Dallas Mavericks",28.1,67,15,61,21,7.22,0.06,7.28,111.3,103.2,8.1,89.5,0.317,0.218,0.559,0.509,13.4,28.7,0.256,0.477,14.2,75,0.265,"American Airlines Center",834411,20351,2007,6,"DAL-2007","DAL-2007"
"Dallas Mavericks",26.9,33,49,38,44,-1.28,0.42,-0.87,109.4,110.7,-1.3,99,0.291,0.422,0.555,0.519,12.7,22.7,0.216,0.522,11.6,77.5,0.191,"American Airlines Center",820569,20014,2019,-5,"DAL-2019","DAL-2019"
"Dallas Mavericks",27.6,33,49,33,49,-2.93,0.4,-2.53,105.6,108.8,-3.2,92.2,0.225,0.366,0.541,0.505,11.6,18.1,0.18,0.529,14.4,77.6,0.218,"American Airlines Center",811366,19789,2017,0,"DAL-2017","DAL-2017"
"Dallas Mavericks",29.9,50,32,49,33,2.9,0.46,3.36,109.5,106.4,3.1,95.2,0.262,0.296,0.55,0.515,11.9,23.6,0.197,0.503,14.7,72.2,0.204,"American Airlines Center",827702,20188,2015,1,"DAL-2015","DAL-2015"
"Dallas Mavericks",29.5,41,41,39,43,-0.6,0.36,-0.24,105.9,106.5,-0.6,94.1,0.242,0.236,0.544,0.506,13,21.8,0.192,0.492,13.3,73.1,0.227,"American Airlines Center",821490,20036,2013,2,"DAL-2013","DAL-2013"
"Dallas Mavericks",28.9,51,31,54,28,4.54,0.16,4.7,111.1,106.1,5,90.2,0.318,0.215,0.554,0.502,12.3,26.7,0.259,0.474,11.7,75,0.252,"American Airlines Center",831738,20286,2008,-3,"DAL-2008","DAL-2008"
"Dallas Mavericks",27.7,24,58,33,49,-3.04,0.34,-2.7,106.3,109.5,-3.2,95.6,0.217,0.382,0.544,0.513,11.6,18,0.166,0.532,12.9,78.9,0.193,"American Airlines Center",811453,19792,2018,-9,"DAL-2018","DAL-2018"
"Denver Nuggets",24.7,33,49,33,49,-3.1,0.29,-2.81,105.6,108.9,-3.3,95.7,0.282,0.277,0.531,0.489,13.2,25.8,0.216,0.515,12.6,77.3,0.216,"Pepsi Center",577898,14095,2016,0,"DEN-2016","DEN-2016"
"Denver Nuggets",26.1,57,25,55,27,5.09,0.28,5.37,110.4,105.1,5.3,95.1,0.308,0.217,0.549,0.515,13.6,31.4,0.216,0.493,14.3,71.8,0.193,"Pepsi Center",730616,17820,2013,2,"DEN-2013","DEN-2013"
"Denver Nuggets",26,36,46,35,47,-2.15,0.75,-1.4,106,108.2,-2.2,98.1,0.306,0.278,0.536,0.497,14,27.5,0.222,0.5,12.8,74.5,0.233,"Pepsi Center",692898,16900,2014,1,"DEN-2014","DEN-2014"
"Denver Nuggets",26.6,38,28,39,27,2.88,0.29,3.16,109.2,106.2,3,94.2,0.326,0.243,0.556,0.516,14.1,27.7,0.239,0.508,14.3,74.3,0.185,"Pepsi Center",561966,17029,2012,-1,"DEN-2012","DEN-2012"
"Denver Nuggets",26.4,30,52,31,51,-3.55,0.48,-3.07,104.5,108.2,-3.7,96.1,0.278,0.284,0.518,0.479,12.7,26.6,0.204,0.504,13,74.7,0.239,"Pepsi Center",602707,14700,2015,-1,"DEN-2015","DEN-2015"
"Denver Nuggets",26.5,45,37,45,37,1.62,0.07,1.69,107.6,105.9,1.7,97.4,0.36,0.212,0.548,0.501,14.6,28.9,0.268,0.499,14.5,71.8,0.203,"Pepsi Center",706437,17230,2007,0,"DEN-2007","DEN-2007"
"Denver Nuggets",27.3,50,32,54,28,4.76,0.05,4.81,112.3,107.3,5,95.6,0.367,0.258,0.574,0.526,13.1,23.9,0.281,0.5,12.7,75.4,0.224,"Pepsi Center",696568,16989,2011,-4,"DEN-2011","DEN-2011"
"Denver Nuggets",27.7,54,28,50,32,3.41,-0.29,3.13,110.4,106.8,3.6,94.3,0.382,0.227,0.563,0.512,14.2,27.5,0.29,0.485,14.1,71.7,0.259,"Pepsi Center",706165,17224,2009,4,"DEN-2009","DEN-2009"
"Denver Nuggets",26.1,47,25,47,25,4.93,-0.11,4.82,117.1,112.1,5,97.1,0.219,0.383,0.588,0.557,12.1,24.7,0.176,0.545,12.9,78.9,0.2,"Ball Arena",54563,1516,2021,0,"DEN-2021","DEN-2021"
"Denver Nuggets",25.6,46,27,41,32,2.11,0.24,2.35,113.1,111,2.1,97.1,0.235,0.344,0.567,0.535,12.3,24.8,0.183,0.533,12.9,76.8,0.198,"Pepsi Center",633153,19186,2020,5,"DEN-2020","DEN-2020"
"Denver Nuggets",27.7,53,29,52,30,4.09,0.06,4.15,111.8,107.5,4.3,94.8,0.376,0.227,0.561,0.509,12.7,26.1,0.29,0.495,13.8,72.4,0.251,"Pepsi Center",737301,17983,2010,1,"DEN-2010","DEN-2010"
"Denver Nuggets",28.5,50,32,51,31,3.71,0.03,3.74,110,106.3,3.7,99.7,0.358,0.228,0.557,0.51,12.9,25.5,0.269,0.499,14.1,72.1,0.203,"Pepsi Center",711962,17365,2008,-1,"DEN-2008","DEN-2008"
"Denver Nuggets",24.9,54,28,51,31,3.95,0.24,4.19,113,108.9,4.1,97.7,0.232,0.348,0.558,0.527,11.9,26.6,0.175,0.521,12.3,78,0.194,"Pepsi Center",756457,18450,2019,3,"DEN-2019","DEN-2019"
"Denver Nuggets",27.7,48,34,47,35,2.3,-0.15,2.16,114.5,112.1,2.4,97.8,0.244,0.416,0.59,0.556,13.2,21.9,0.194,0.537,11.7,78.3,0.188,"Ball Arena",695262,16958,2022,1,"DEN-2022","DEN-2022"
"Denver Nuggets",25.2,40,42,42,40,0.51,0.19,0.7,113.2,112.7,0.5,98.3,0.276,0.329,0.568,0.53,13.2,27.3,0.214,0.532,10.9,78.7,0.194,"Pepsi Center",605585,14672,2017,-2,"DEN-2017","DEN-2017"
"Denver Nuggets",25.1,46,36,45,37,1.48,0.09,1.57,112.5,111,1.5,96.8,0.258,0.357,0.57,0.536,13.4,25.7,0.198,0.539,12.6,77.5,0.173,"Pepsi Center",702796,17141,2018,1,"DEN-2018","DEN-2018"
"Detroit Pistons",28.2,39,43,40,42,-0.49,0.13,-0.36,107.4,108,-0.6,86.7,0.282,0.165,0.524,0.483,11.7,27.9,0.212,0.485,11.7,74,0.248,"The Palace of Auburn Hills",896971,21877,2009,-1,"DET-2009","DET-2009"
"Detroit Pistons",25,44,38,43,39,0.61,-0.18,0.43,106.1,105.5,0.6,95.1,0.296,0.303,0.522,0.491,12.2,27,0.197,0.504,12.5,79.3,0.196,"The Palace of Auburn Hills",677138,16516,2016,1,"DET-2016","DET-2016"
"Detroit Pistons",27.2,30,52,31,51,-3.6,-0.18,-3.78,107.7,111.7,-4,89.2,0.279,0.189,0.533,0.495,12.5,27.4,0.206,0.526,13.8,72.1,0.235,"The Palace of Auburn Hills",683080,16660,2011,-1,"DET-2011","DET-2011"
"Detroit Pistons",25.4,37,45,38,44,-1.12,-0.17,-1.29,106,107.1,-1.1,95,0.218,0.263,0.521,0.492,10.9,24.1,0.157,0.516,12.1,81.2,0.197,"The Palace of Auburn Hills",655141,15979,2017,-1,"DET-2017","DET-2017"
"Detroit Pistons",23.6,23,59,22,60,-7.72,0.37,-7.36,106,113.8,-7.8,98.4,0.249,0.391,0.533,0.494,12.6,23.4,0.194,0.541,13.1,75.6,0.226,"Little Caesars Arena",663556,16184,2022,1,"DET-2022","DET-2022"
"Detroit Pistons",26.9,41,41,40,42,-0.24,-0.31,-0.56,109,109.2,-0.2,97.4,0.262,0.394,0.544,0.509,12.3,24.8,0.195,0.526,12.8,78.7,0.211,"Little Caesars Arena",675963,16487,2019,1,"DET-2019","DET-2019"
"Detroit Pistons",24.7,29,53,31,51,-3.66,-0.48,-4.13,105.9,109.7,-3.8,94.9,0.296,0.222,0.514,0.482,12.9,31.4,0.199,0.52,13.8,73.4,0.218,"The Palace of Auburn Hills",616005,15025,2014,-2,"DET-2014","DET-2014"
"Detroit Pistons",26.3,25,41,22,44,-4.79,-0.4,-5.19,101,106.3,-5.3,89.2,0.279,0.175,0.51,0.468,15,28.1,0.21,0.5,14.2,72.8,0.226,"The Palace of Auburn Hills",475638,14413,2012,3,"DET-2012","DET-2012"
"Detroit Pistons",25.9,32,50,38,44,-1,-0.39,-1.39,105.3,106.4,-1.1,92.8,0.261,0.29,0.515,0.482,12.3,27.7,0.184,0.502,13.2,75,0.192,"The Palace of Auburn Hills",625917,15266,2015,-6,"DET-2015","DET-2015"
"Detroit Pistons",25.9,39,43,41,41,-0.15,-0.11,-0.26,107.2,107.3,-0.1,96.2,0.227,0.333,0.543,0.512,12.3,22.7,0.169,0.524,13.7,78.5,0.172,"Little Caesars Arena",713945,17413,2018,-2,"DET-2018","DET-2018"
"Detroit Pistons",25.3,29,53,29,53,-3.99,-0.34,-4.33,103.8,108.1,-4.3,90.8,0.282,0.217,0.521,0.487,14.3,28.3,0.197,0.505,13.1,73,0.209,"The Palace of Auburn Hills",606094,14685,2013,0,"DET-2013","DET-2013"
"Detroit Pistons",26.7,27,55,26,56,-5.11,0.09,-5.02,105.6,111.4,-5.8,88.5,0.303,0.18,0.515,0.474,12.8,30.3,0.22,0.526,14.2,73.4,0.264,"The Palace of Auburn Hills",768826,18752,2010,1,"DET-2010","DET-2010"
"Detroit Pistons",29,53,29,53,29,4.16,-0.47,3.69,108.9,104.2,4.7,87.3,0.307,0.201,0.535,0.488,12,28.3,0.237,0.477,14.3,70.9,0.234,"The Palace of Auburn Hills",905116,22076,2007,0,"DET-2007","DET-2007"
"Detroit Pistons",25.9,20,46,26,40,-3.56,-0.82,-4.38,109,112.7,-3.7,97.6,0.261,0.381,0.561,0.529,13.8,22.6,0.194,0.541,12.7,75.9,0.186,"Little Caesars Arena",509469,15294,2020,-6,"DET-2020","DET-2020"
"Detroit Pistons",28.3,59,23,62,20,7.39,-0.72,6.67,111.4,102.9,8.5,87.3,0.3,0.203,0.539,0.495,11.4,29.4,0.23,0.47,13.4,73.7,0.244,"The Palace of Auburn Hills",905116,22076,2008,-3,"DET-2008","DET-2008"
"Detroit Pistons",24.5,20,52,26,46,-4.47,0.09,-4.38,108,112.5,-4.5,97.9,0.273,0.385,0.556,0.519,13.5,21.9,0.207,0.541,12.6,76.9,0.195,"Little Caesars Arena",14250,396,2021,-6,"DET-2021","DET-2021"
"Golden State Warriors",28.4,57,25,56,26,6.46,-0.04,6.42,115.9,109.5,6.4,100.9,0.227,0.384,0.596,0.565,12.6,22.5,0.182,0.508,11.7,77.1,0.205,"Oracle Arena",803436,19596,2019,1,"GSW-2019","GSW-2019"
"Golden State Warriors",27.6,53,29,55,27,5.54,-0.02,5.52,112.5,106.9,5.6,98.4,0.235,0.456,0.582,0.552,13.5,22.8,0.181,0.509,13,78.7,0.201,"Chase Center",740624,18064,2022,-2,"GSW-2022","GSW-2022"
"Golden State Warriors",24.4,15,50,16,49,-8.71,0.59,-8.12,105.2,113.8,-8.6,100.3,0.264,0.355,0.54,0.497,13.2,21.5,0.212,0.553,13.7,76.4,0.193,"Chase Center",614176,18064,2020,-1,"GSW-2020","GSW-2020"
"Golden State Warriors",26.3,51,31,54,28,4.8,0.34,5.15,107.5,102.6,4.9,96.2,0.247,0.291,0.55,0.517,13.8,25.1,0.186,0.477,13.6,76.3,0.224,"Oracle Arena",803436,19596,2014,-3,"GSW-2014","GSW-2014"
"Golden State Warriors",24.6,42,40,40,42,-0.34,0.34,0,107,107.4,-0.4,99.2,0.3,0.279,0.548,0.512,14.1,25.6,0.215,0.506,16.1,69.6,0.264,"Oracle Arena",742267,18104,2007,2,"GSW-2007","GSW-2007"
"Golden State Warriors",28.8,58,24,56,26,5.98,-0.19,5.79,113.6,107.6,6,99.6,0.239,0.339,0.603,0.569,14.1,21,0.195,0.504,12.6,76.3,0.186,"Oracle Arena",803436,19596,2018,2,"GSW-2018","GSW-2018"
"Golden State Warriors",25.5,48,34,47,35,2.21,0.17,2.38,111.8,109.5,2.3,98.8,0.276,0.295,0.548,0.511,11.5,27.2,0.208,0.509,14.7,70.3,0.258,"Oracle Arena",804864,19631,2008,1,"GSW-2008","GSW-2008"
"Golden State Warriors",27.4,73,9,65,17,10.76,-0.38,10.38,114.5,103.8,10.7,99.3,0.25,0.362,0.593,0.563,13.5,23.5,0.191,0.479,12.6,76,0.208,"Oracle Arena",803436,19596,2016,8,"GSW-2016","GSW-2016"
"Golden State Warriors",26.7,39,33,38,34,1.06,0.04,1.1,111.1,110.1,1,102.2,0.239,0.439,0.583,0.551,13.3,17.9,0.188,0.522,13.1,76.6,0.223,"Chase Center",33457,929,2021,1,"GSW-2021","GSW-2021"
"Golden State Warriors",26.6,67,15,65,17,10.1,-0.09,10.01,111.6,101.4,10.2,98.3,0.239,0.311,0.571,0.54,13.1,24.1,0.184,0.47,14.3,74.5,0.217,"Oracle Arena",803436,19596,2015,2,"GSW-2015","GSW-2015"
"Golden State Warriors",25.2,36,46,35,47,-2.33,0.33,-2,108.2,110.7,-2.5,94.8,0.241,0.248,0.544,0.51,13.3,26.7,0.183,0.509,14.5,69.3,0.259,"Oracle Arena",766398,18693,2011,1,"GSW-2011","GSW-2011"
"Golden State Warriors",25.3,47,35,44,38,0.89,0.42,1.32,106.4,105.5,0.9,94.5,0.255,0.239,0.545,0.506,14,25.4,0.201,0.486,12.4,75.5,0.211,"Oracle Arena",794320,19374,2013,3,"GSW-2013","GSW-2013"
"Golden State Warriors",25.3,23,43,25,41,-3.41,0.62,-2.79,105.4,109.1,-3.7,92.3,0.227,0.248,0.539,0.505,13.3,22.9,0.175,0.496,13.6,69.1,0.237,"Oracle Arena",622311,18858,2012,-2,"GSW-2012","GSW-2012"
"Golden State Warriors",25.1,26,56,32,50,-3.6,0.32,-3.28,108.1,111.7,-3.6,100.4,0.294,0.238,0.557,0.514,13.1,20.9,0.23,0.525,15.1,68.5,0.26,"Oracle Arena",739120,18027,2010,-6,"GSW-2010","GSW-2010"
"Golden State Warriors",25,29,53,31,51,-3.74,-0.06,-3.8,109.5,113.3,-3.8,98.2,0.339,0.209,0.549,0.497,12.9,26.1,0.268,0.508,12.9,68.1,0.251,"Oracle Arena",776660,18943,2009,-2,"GSW-2009","GSW-2009"
"Golden State Warriors",28.2,67,15,67,15,11.63,-0.28,11.35,115.6,104,11.6,99.8,0.259,0.359,0.597,0.563,13.2,22.8,0.204,0.486,13.5,74.9,0.198,"Oracle Arena",803436,19596,2017,0,"GSW-2017","GSW-2017"
"Houston Rockets",29.2,44,28,42,30,2.96,0.17,3.13,112.9,110.1,2.8,103.7,0.288,0.501,0.578,0.537,12.6,21,0.228,0.529,13.7,75.6,0.197,"Toyota Center",578458,18077,2020,2,"HOU-2020","HOU-2020"
"Houston Rockets",27.4,55,27,55,27,5.77,0.08,5.84,114.7,109,5.7,100,0.304,0.462,0.583,0.545,13.3,24.6,0.233,0.519,13.2,75.8,0.194,"Toyota Center",695903,16973,2017,0,"HOU-2017","HOU-2017"
"Houston Rockets",26.5,43,39,47,35,2.18,0.19,2.37,111.3,109,2.3,94.2,0.299,0.264,0.55,0.503,12.3,27.4,0.239,0.5,12.6,72.7,0.219,"Toyota Center",663839,16191,2011,-4,"HOU-2011","HOU-2011"
"Houston Rockets",27.8,41,41,42,40,0.2,0.14,0.34,108.3,108.1,0.2,97.6,0.352,0.37,0.553,0.516,14.2,25.7,0.244,0.516,14.7,72.8,0.219,"Toyota Center",737244,17982,2016,-1,"HOU-2016","HOU-2016"
"Houston Rockets",29.8,65,17,61,21,8.48,-0.27,8.21,114.7,106.1,8.6,97.6,0.298,0.502,0.59,0.551,12.7,21.3,0.233,0.521,13.4,79.9,0.171,"Toyota Center",732722,17871,2018,4,"HOU-2018","HOU-2018"
"Houston Rockets",28.3,55,27,55,27,4.68,0.15,4.83,106.8,101.6,5.2,90.4,0.276,0.255,0.528,0.492,13,29.1,0.2,0.465,12.8,74.8,0.214,"Toyota Center",718524,17525,2008,0,"HOU-2008","HOU-2008"
"Houston Rockets",27.6,56,26,50,32,3.44,0.38,3.82,107,103.4,3.6,96.5,0.312,0.392,0.548,0.512,15,26.8,0.223,0.486,14.6,72.9,0.208,"Toyota Center",747412,18230,2015,6,"HOU-2015","HOU-2015"
"Houston Rockets",26.5,17,55,20,52,-7.9,0.4,-7.5,107.1,114.9,-7.8,101.4,0.252,0.459,0.553,0.521,13,19.8,0.187,0.555,12.9,77.1,0.201,"Toyota Center",117009,3250,2021,-3,"HOU-2021","HOU-2021"
"Houston Rockets",24.4,45,37,50,32,3.48,0.22,3.69,109.7,106.1,3.6,96.1,0.308,0.349,0.564,0.525,14.9,26.4,0.232,0.502,13.5,75.2,0.196,"Toyota Center",683564,16672,2013,-5,"HOU-2013","HOU-2013"
"Houston Rockets",26.2,34,32,34,32,0.23,0.35,0.57,105.5,105.2,0.3,91.7,0.235,0.24,0.529,0.492,13.5,27.5,0.184,0.49,13.8,73.4,0.21,"Toyota Center",506994,15363,2012,0,"HOU-2012","HOU-2012"
"Houston Rockets",26,42,40,40,42,-0.37,0.35,-0.02,107.6,108,-0.4,94,0.292,0.265,0.537,0.494,13.2,26.9,0.225,0.511,13.6,73.8,0.215,"Toyota Center",677658,16528,2010,2,"HOU-2010","HOU-2010"
"Houston Rockets",28.2,52,30,55,27,4.85,0.19,5.04,106,100.7,5.3,90.7,0.292,0.29,0.54,0.499,13.6,25.7,0.22,0.466,13.6,77,0.23,"Toyota Center",678362,16545,2007,-3,"HOU-2007","HOU-2007"
"Houston Rockets",25.4,54,28,53,29,4.56,0.5,5.06,111,106.3,4.7,96.3,0.386,0.33,0.571,0.531,14.6,27.4,0.275,0.489,12.5,74.1,0.193,"Toyota Center",743082,18124,2014,1,"HOU-2014","HOU-2014"
"Houston Rockets",27.9,53,29,53,29,4,-0.27,3.73,108.4,104,4.4,90.2,0.292,0.254,0.548,0.501,13.6,26.4,0.235,0.479,11.9,75.3,0.192,"Toyota Center",717669,17504,2009,0,"HOU-2009","HOU-2009"
"Houston Rockets",24.1,20,62,21,61,-8.48,0.22,-8.26,108.4,116.7,-8.3,100.9,0.284,0.448,0.565,0.534,14.5,21.7,0.202,0.554,12.3,74.4,0.206,"Toyota Center",638977,15585,2022,-1,"HOU-2022","HOU-2022"
"Houston Rockets",29.2,53,29,53,29,4.77,0.19,4.96,115.5,110.7,4.8,97.9,0.279,0.519,0.581,0.542,12,22.8,0.221,0.525,13.4,74.4,0.21,"Toyota Center",740392,18058,2019,0,"HOU-2019","HOU-2019"
"Indiana Pacers",25.7,49,32,52,29,4.02,-0.69,3.34,104.3,99.8,4.5,90.2,0.293,0.245,0.521,0.479,14.3,30.3,0.219,0.453,12.9,74.6,0.197,"Bankers Life Fieldhouse",626069,15270,2013,-3,"IND-2013","IND-2013"
"Indiana Pacers",28.3,38,44,42,40,0.28,-0.51,-0.23,103.5,103.2,0.3,93.2,0.266,0.255,0.523,0.484,13.1,24,0.201,0.478,12,77.9,0.217,"Bankers Life Fieldhouse",691434,16864,2015,-4,"IND-2015","IND-2015"
"Indiana Pacers",26.5,34,38,36,36,-0.04,-0.08,-0.13,112.4,112.4,0,101.6,0.227,0.372,0.575,0.542,11.9,20.2,0.18,0.531,12.7,74.9,0.201,"Bankers Life Fieldhouse",NA,NA,2021,-2,"IND-2021","IND-2021"
"Indiana Pacers",27.2,56,26,54,28,4.4,-0.77,3.63,104.1,99.3,4.8,92.5,0.29,0.235,0.535,0.49,14.3,24.9,0.226,0.46,12.9,76.8,0.197,"Bankers Life Fieldhouse",717542,17501,2014,2,"IND-2014","IND-2014"
"Indiana Pacers",25.6,45,28,41,32,1.96,-0.33,1.63,110,108,2,98.9,0.216,0.317,0.565,0.534,12,20,0.17,0.511,13,76.7,0.192,"Bankers Life Fieldhouse",529002,16531,2020,4,"IND-2020","IND-2020"
"Indiana Pacers",26.3,42,24,41,25,3.3,-0.71,2.6,106.7,103.1,3.6,90.7,0.321,0.198,0.526,0.474,13.1,29.2,0.251,0.476,14.1,72.3,0.222,"Bankers Life Fieldhouse",467561,14169,2012,1,"IND-2012","IND-2012"
"Indiana Pacers",26.5,36,46,38,44,-1.11,0.35,-0.76,108.1,109.2,-1.1,96.5,0.267,0.244,0.545,0.501,13.1,25.4,0.215,0.499,12.7,74.5,0.271,"Conseco Fieldhouse",581472,14182,2009,-2,"IND-2009","IND-2009"
"Indiana Pacers",26.9,45,37,46,36,1.71,-0.09,1.62,104.6,102.9,1.7,96.6,0.268,0.27,0.536,0.497,13.5,23.4,0.205,0.489,14.3,76,0.205,"Bankers Life Fieldhouse",690733,16847,2016,-1,"IND-2016","IND-2016"
"Indiana Pacers",27,48,34,50,32,3.33,-0.57,2.76,109.9,106.5,3.4,98.1,0.242,0.292,0.561,0.53,12.4,21.9,0.182,0.516,14.1,76.2,0.184,"Bankers Life Fieldhouse",689310,16812,2019,-2,"IND-2019","IND-2019"
"Indiana Pacers",26.2,48,34,45,37,1.38,-0.2,1.18,109.5,108.1,1.4,96,0.222,0.284,0.557,0.525,12.3,22.7,0.173,0.527,14.2,76.2,0.174,"Bankers Life Fieldhouse",658119,16052,2018,3,"IND-2018","IND-2018"
"Indiana Pacers",26,25,57,32,50,-3.48,0.22,-3.26,112.6,116.1,-3.5,98,0.239,0.395,0.564,0.531,12.7,25.5,0.184,0.552,11.9,76.2,0.204,"Gainbridge Fieldhouse",588743,14360,2022,-7,"IND-2022","IND-2022"
"Indiana Pacers",26.6,32,50,33,49,-3.01,-0.1,-3.11,103.7,106.8,-3.1,97.1,0.296,0.278,0.536,0.491,13.8,21.6,0.229,0.49,13.4,73,0.258,"Conseco Fieldhouse",582295,14202,2010,-1,"IND-2010","IND-2010"
"Indiana Pacers",26.7,36,46,37,45,-1.4,-0.46,-1.87,106,107.5,-1.5,97.7,0.292,0.289,0.54,0.498,13.5,24.4,0.224,0.498,14.1,73.9,0.271,"Conseco Fieldhouse",501092,12222,2008,-1,"IND-2008","IND-2008"
"Indiana Pacers",27,42,40,40,42,-0.22,-0.42,-0.64,108.6,108.8,-0.2,95.9,0.261,0.272,0.558,0.516,12.8,21.2,0.212,0.512,13.6,75.5,0.225,"Bankers Life Fieldhouse",684578,16697,2017,2,"IND-2017","IND-2017"
"Indiana Pacers",27.2,35,47,34,48,-2.44,-0.18,-2.62,102.9,105.5,-2.6,92.4,0.324,0.212,0.523,0.474,15.1,28.4,0.246,0.491,14.8,72.7,0.271,"Conseco Fieldhouse",629750,15360,2007,1,"IND-2007","IND-2007"
"Indiana Pacers",25.9,37,45,38,44,-1.07,-0.3,-1.38,104.8,106,-1.2,94.7,0.3,0.244,0.533,0.486,14.1,25.9,0.235,0.487,12.8,74.1,0.237,"Conseco Fieldhouse",555077,13538,2011,-1,"IND-2011","IND-2011"
"Los Angeles Clippers",27.5,40,42,40,42,-0.46,0.39,-0.07,105.1,105.6,-0.5,90.8,0.355,0.143,0.537,0.481,14.5,27.2,0.28,0.488,13.3,74.7,0.249,"STAPLES Center",755261,18421,2007,0,"LAC-2007","LAC-2007"
"Los Angeles Clippers",26.6,19,63,18,64,-8.77,0.3,-8.47,102.3,111.7,-9.4,92.1,0.275,0.226,0.52,0.481,14,25.1,0.202,0.512,12.4,71.2,0.227,"STAPLES Center",663587,16185,2009,1,"LAC-2009","LAC-2009"
"Los Angeles Clippers",28.8,56,26,58,24,6.59,0.22,6.8,112.4,105.5,6.9,94.7,0.303,0.322,0.565,0.533,11.6,22.8,0.215,0.493,13.2,75.7,0.231,"STAPLES Center",785892,19168,2015,-2,"LAC-2015","LAC-2015"
"Los Angeles Clippers",27.2,48,34,43,39,0.85,0.23,1.09,112.4,111.5,0.9,101.7,0.326,0.295,0.575,0.529,12.7,22,0.258,0.514,11.4,76,0.224,"STAPLES Center",710327,17325,2019,5,"LAC-2019","LAC-2019"
"Los Angeles Clippers",27.3,29,53,24,58,-6.35,0.34,-6.01,103.3,110.1,-6.8,92.6,0.283,0.221,0.529,0.491,14.8,27.1,0.206,0.509,12.2,74,0.214,"STAPLES Center",670063,16343,2010,5,"LAC-2010","LAC-2010"
"Los Angeles Clippers",27,42,40,41,41,0.04,0.11,0.15,110.3,110.2,0.1,98.7,0.299,0.314,0.564,0.527,13.2,23.5,0.222,0.52,12.6,76.1,0.203,"STAPLES Center",697812,17020,2018,1,"LAC-2018","LAC-2018"
"Los Angeles Clippers",28.8,56,26,59,23,6.45,-0.02,6.43,110.6,103.6,7,91.1,0.286,0.265,0.557,0.526,13.9,28.8,0.203,0.492,15.4,73.5,0.229,"STAPLES Center",788293,19227,2013,-3,"LAC-2013","LAC-2013"
"Los Angeles Clippers",28.5,23,59,21,61,-7.27,0.71,-6.56,101.2,109.1,-7.9,92.1,0.338,0.167,0.519,0.465,13.7,23.1,0.264,0.503,12.8,73.1,0.236,"STAPLES Center",692408,16888,2008,2,"LAC-2008","LAC-2008"
"Los Angeles Clippers",27.5,42,40,41,41,0.02,0.06,0.09,110.1,110.1,0,98,0.224,0.391,0.564,0.531,12.5,20.6,0.178,0.514,12,74.4,0.167,"Crypto.com Arena",694005,16927,2022,1,"LAC-2022","LAC-2022"
"Los Angeles Clippers",27.3,40,26,39,27,2.56,0.26,2.82,108.5,105.7,2.8,89.2,0.287,0.269,0.533,0.502,12.7,29.5,0.195,0.492,14.2,73.2,0.245,"STAPLES Center",634237,19219,2012,1,"LAC-2012","LAC-2012"
"Los Angeles Clippers",30,51,31,52,30,4.29,0.13,4.42,112.7,108.2,4.5,96.1,0.312,0.329,0.574,0.537,12,21.5,0.233,0.506,12.1,76.9,0.211,"STAPLES Center",782609,19088,2017,-1,"LAC-2017","LAC-2017"
"Los Angeles Clippers",27.4,49,23,50,22,6.44,0.21,6.66,113.9,107.6,6.3,101.5,0.295,0.375,0.577,0.535,12.6,23.5,0.233,0.506,12.2,77.6,0.206,"STAPLES Center",610176,19068,2020,-1,"LAC-2020","LAC-2020"
"Los Angeles Clippers",28.1,57,25,59,23,6.98,0.3,7.27,112.1,104.8,7.3,95.9,0.353,0.291,0.567,0.526,12.7,25,0.258,0.484,13.8,72.5,0.222,"STAPLES Center",787692,19212,2014,-2,"LAC-2014","LAC-2014"
"Los Angeles Clippers",24.6,32,50,32,50,-3.13,0.42,-2.71,105.3,108.7,-3.4,92.8,0.332,0.23,0.535,0.496,15.1,28.4,0.234,0.499,12.8,73.2,0.25,"STAPLES Center",727462,17743,2011,0,"LAC-2011","LAC-2011"
"Los Angeles Clippers",29.7,53,29,53,29,4.28,-0.15,4.13,108.3,103.8,4.5,95.8,0.318,0.324,0.556,0.524,12.1,20.1,0.22,0.48,13.8,73.8,0.222,"STAPLES Center",786910,19193,2016,0,"LAC-2016","LAC-2016"
"Los Angeles Clippers",28.8,47,25,49,23,6.18,-0.16,6.02,117.6,111.2,6.4,96.9,0.222,0.4,0.599,0.564,12.2,22.7,0.186,0.531,11.9,79.1,0.186,"STAPLES Center",13901,386,2021,-2,"LAC-2021","LAC-2021"
"Los Angeles Lakers",30.7,45,37,44,38,1.16,0.32,1.48,107.8,106.6,1.2,94.4,0.345,0.303,0.548,0.512,13.9,27,0.239,0.496,11.9,74.3,0.163,"STAPLES Center",778877,18997,2013,1,"LAL-2013","LAL-2013"
"Los Angeles Lakers",28.2,42,30,42,30,2.79,-0.03,2.77,109.9,107.1,2.8,98.7,0.271,0.363,0.569,0.536,13.6,22.5,0.2,0.526,13.7,79.7,0.184,"STAPLES Center",23313,648,2021,0,"LAL-2021","LAL-2021"
"Los Angeles Lakers",26.5,17,65,17,65,-9.56,0.64,-8.92,101.6,111.6,-10,95.6,0.292,0.29,0.509,0.46,12.5,23.1,0.228,0.523,11.6,74.7,0.202,"STAPLES Center",778877,18997,2016,0,"LAL-2016","LAL-2016"
"Los Angeles Lakers",28.4,57,25,54,28,4.72,0.06,4.78,108.8,103.7,5.1,92.8,0.289,0.227,0.538,0.496,12.4,27.6,0.221,0.484,13.2,74.4,0.195,"STAPLES Center",778877,18997,2010,3,"LAL-2010","LAL-2010"
"Los Angeles Lakers",27.4,65,17,61,21,7.66,-0.55,7.11,112.8,104.7,8.1,94.3,0.299,0.217,0.555,0.513,12.3,29.4,0.23,0.49,14.2,73,0.213,"STAPLES Center",778877,18997,2009,4,"LAL-2009","LAL-2009"
"Los Angeles Lakers",29.5,52,19,48,23,5.79,0.49,6.28,112,106.3,5.7,100.9,0.276,0.358,0.573,0.542,13.3,24.5,0.201,0.515,14.1,78.8,0.205,"STAPLES Center",588907,18997,2020,4,"LAL-2020","LAL-2020"
"Los Angeles Lakers",29.7,41,25,36,30,1.42,0.54,1.96,106,104.4,1.6,90.5,0.299,0.209,0.534,0.491,14.2,29.1,0.226,0.476,10.7,74.8,0.158,"STAPLES Center",626901,18997,2012,5,"LAL-2012","LAL-2012"
"Los Angeles Lakers",27,21,61,23,59,-6.84,0.67,-6.17,103.4,110.6,-7.2,94,0.276,0.22,0.513,0.473,12.1,25.4,0.204,0.518,12.1,76.3,0.231,"STAPLES Center",768244,18738,2015,-2,"LAL-2015","LAL-2015"
"Los Angeles Lakers",26.8,27,55,25,57,-6.29,0.96,-5.33,104.2,110.6,-6.4,98.7,0.263,0.291,0.542,0.505,13.7,20.2,0.199,0.513,12.4,71,0.192,"STAPLES Center",771974,18829,2014,2,"LAL-2014","LAL-2014"
"Los Angeles Lakers",23.7,35,47,37,45,-1.55,0.11,-1.44,106.5,108,-1.5,100.3,0.264,0.329,0.548,0.517,13.8,23.6,0.188,0.514,12.5,77.7,0.19,"STAPLES Center",776327,18935,2018,-2,"LAL-2018","LAL-2018"
"Los Angeles Lakers",30.2,33,49,33,49,-3.05,-0.03,-3.08,110.3,113.3,-3,100.1,0.259,0.388,0.567,0.537,12.8,21.1,0.19,0.54,12.2,75.8,0.192,"Crypto.com Arena",764631,18650,2022,0,"LAL-2022","LAL-2022"
"Los Angeles Lakers",25.1,26,56,24,58,-6.88,0.58,-6.29,106,113,-7,98.5,0.259,0.295,0.537,0.501,13.5,25,0.195,0.542,13,75.8,0.213,"STAPLES Center",776917,18949,2017,2,"LAL-2017","LAL-2017"
"Los Angeles Lakers",25.3,42,40,41,41,-0.07,0.32,0.24,108.6,108.6,0,93.5,0.333,0.259,0.554,0.511,14.3,26.1,0.249,0.5,13.5,72.3,0.262,"STAPLES Center",778415,18986,2007,1,"LAL-2007","LAL-2007"
"Los Angeles Lakers",26.7,57,25,59,23,7.26,0.09,7.34,113,105.5,7.5,95.6,0.333,0.257,0.57,0.525,12.9,26.3,0.256,0.485,12.9,73.4,0.214,"STAPLES Center",778877,18997,2008,-2,"LAL-2008","LAL-2008"
"Los Angeles Lakers",30.2,57,25,58,24,6.11,-0.1,6.01,111,104.3,6.7,90.7,0.293,0.22,0.545,0.502,12.3,29.2,0.228,0.477,12.8,72.3,0.181,"STAPLES Center",778877,18997,2011,-1,"LAL-2011","LAL-2011"
"Los Angeles Lakers",26.2,37,45,37,45,-1.72,0.39,-1.33,107.8,109.5,-1.7,103.2,0.257,0.342,0.554,0.527,13.4,22.2,0.18,0.516,12.2,76.4,0.192,"STAPLES Center",778877,18997,2019,0,"LAL-2019","LAL-2019"
"Memphis Grizzlies",29.6,55,27,50,32,3.24,0.38,3.62,105.7,102.2,3.5,92,0.276,0.184,0.531,0.489,12.6,24.7,0.214,0.492,14.5,75.3,0.183,"FedEx Forum",710502,17329,2015,5,"MEM-2015","MEM-2015"
"Memphis Grizzlies",24.1,34,39,34,39,-1.07,0.16,-0.91,109.2,110.3,-1.1,102.8,0.24,0.346,0.561,0.528,13.2,23,0.183,0.521,12.7,77.8,0.217,"FedEx Forum",523297,15857,2020,0,"MEM-2020","MEM-2020"
"Memphis Grizzlies",25.2,46,36,48,34,2.34,0.2,2.55,107.6,105.1,2.5,91.9,0.291,0.136,0.534,0.493,13,28.9,0.218,0.502,15.7,72.5,0.228,"FedEx Forum",600687,14651,2011,-2,"MEM-2011","MEM-2011"
"Memphis Grizzlies",23.3,24,58,26,56,-5.46,0.24,-5.23,103.5,109.5,-6,90.1,0.329,0.175,0.533,0.486,14.8,25.8,0.249,0.515,14.1,73.5,0.247,"FedEx Forum",519895,12680,2009,-2,"MEM-2009","MEM-2009"
"Memphis Grizzlies",26.2,22,60,27,55,-5.15,0.71,-4.44,106.9,112.3,-5.4,93.6,0.374,0.211,0.555,0.504,15.2,25.9,0.285,0.529,14,71.1,0.237,"FedEx Forum",600836,14655,2007,-5,"MEM-2007","MEM-2007"
"Memphis Grizzlies",27.7,33,49,34,48,-2.6,0.51,-2.08,106.1,108.8,-2.7,96.6,0.272,0.342,0.548,0.508,12.9,20,0.21,0.521,13.9,77.6,0.232,"FedEx Forum",638332,15569,2019,-1,"MEM-2019","MEM-2019"
"Memphis Grizzlies",24.5,22,60,25,57,-6.21,0.45,-5.76,105,111.4,-6.4,95.3,0.311,0.264,0.539,0.5,14,23.8,0.225,0.521,12.2,73.4,0.196,"FedEx Forum",523578,12770,2008,-3,"MEM-2008","MEM-2008"
"Memphis Grizzlies",28.5,50,32,46,36,1.57,0.61,2.18,106.3,104.6,1.7,89.9,0.248,0.171,0.529,0.494,13.1,28.3,0.184,0.497,13.8,75.7,0.199,"FedEx Forum",685458,16718,2014,4,"MEM-2014","MEM-2014"
"Memphis Grizzlies",24.1,40,42,37,45,-1.51,0.13,-1.39,108.3,109.9,-1.6,93.6,0.32,0.148,0.536,0.494,13.7,31.3,0.235,0.52,13.2,73.3,0.205,"FedEx Forum",552914,13486,2010,3,"MEM-2010","MEM-2010"
"Memphis Grizzlies",24,56,26,55,27,5.68,-0.32,5.37,114.6,109,5.6,100.3,0.245,0.346,0.553,0.522,11.2,30,0.18,0.523,13.3,77.8,0.195,"FedEx Forum",646785,15775,2022,1,"MEM-2022","MEM-2022"
"Memphis Grizzlies",30.5,42,40,35,47,-2.24,0.11,-2.14,105.4,107.8,-2.4,93.3,0.295,0.222,0.524,0.477,12.3,25.3,0.231,0.518,15.2,75.1,0.251,"FedEx Forum",701894,17119,2016,7,"MEM-2016","MEM-2016"
"Memphis Grizzlies",24.2,38,34,38,34,1.03,0.04,1.07,112,111,1,100.4,0.232,0.342,0.56,0.528,11.6,24.2,0.179,0.535,13.1,78.3,0.196,"FedEx Forum",61449,1707,2021,0,"MEM-2021","MEM-2021"
"Memphis Grizzlies",26,22,60,25,57,-6.21,0.39,-5.81,104.5,111,-6.5,94.9,0.255,0.317,0.539,0.5,14,22.4,0.201,0.529,13.8,76.5,0.256,"FedEx Forum",653863,15948,2018,-3,"MEM-2018","MEM-2018"
"Memphis Grizzlies",25.6,41,25,38,28,2.02,0.42,2.43,104,101.8,2.2,90.8,0.277,0.157,0.515,0.473,13.6,29.8,0.211,0.485,16.3,72.7,0.227,"FedEx Forum",518446,15710,2012,3,"MEM-2012","MEM-2012"
"Memphis Grizzlies",29.5,43,39,42,40,0.49,0.47,0.96,107.7,107.1,0.6,92.3,0.28,0.316,0.535,0.491,12.1,24.8,0.219,0.506,13.6,77.5,0.256,"FedEx Forum",677314,16520,2017,1,"MEM-2017","MEM-2017"
"Memphis Grizzlies",27,56,26,54,28,4.15,0.18,4.32,104.9,100.3,4.6,88.4,0.261,0.166,0.514,0.472,13.3,31,0.202,0.475,15.2,74.3,0.209,"FedEx Forum",681613,16625,2013,2,"MEM-2013","MEM-2013"
"Miami Heat",30.3,66,16,62,20,7.87,-0.84,7.03,112.3,103.7,8.6,90.7,0.297,0.285,0.588,0.552,13.7,22.2,0.224,0.487,14.8,73,0.2,"AmericanAirlines Arena",819290,19983,2013,4,"MIA-2013","MIA-2013"
"Miami Heat",26.5,44,38,42,40,0.48,-0.33,0.15,106.8,106.3,0.5,95.6,0.229,0.358,0.551,0.52,13.3,21.5,0.173,0.507,13.1,79,0.215,"AmericanAirlines Arena",804850,19630,2018,2,"MIA-2018","MIA-2018"
"Miami Heat",27.4,40,32,36,36,0.03,-0.09,-0.06,111.2,111.2,0,96.6,0.252,0.432,0.581,0.546,13.1,19.4,0.199,0.542,13.8,77.9,0.183,"AmericanAirlines Arena",NA,NA,2021,4,"MIA-2021","MIA-2021"
"Miami Heat",26.5,41,41,44,38,1.06,-0.29,0.77,107.8,106.7,1.1,95.2,0.251,0.314,0.541,0.512,12.4,24.2,0.177,0.496,12.6,76.4,0.22,"AmericanAirlines Arena",805400,19644,2017,-3,"MIA-2017","MIA-2017"
"Miami Heat",27.1,47,35,48,34,2.28,-0.29,1.99,106.6,104.1,2.5,89.6,0.296,0.219,0.537,0.496,12.8,26.1,0.223,0.48,13.9,74.9,0.246,"AmericanAirlines Arena",726935,17730,2010,-1,"MIA-2010","MIA-2010"
"Miami Heat",28.3,46,20,47,19,5.98,-0.27,5.72,106.6,100.2,6.4,91.2,0.307,0.198,0.549,0.505,14.5,26.6,0.238,0.479,15.8,73.9,0.2,"AmericanAirlines Arena",657855,19935,2012,-1,"MIA-2012","MIA-2012"
"Miami Heat",28.2,53,29,53,29,4.45,-0.22,4.23,113.7,109.1,4.6,95.9,0.252,0.422,0.584,0.547,13.4,23.5,0.204,0.524,13.8,78,0.209,"FTX Arena",804761,19628,2022,0,"MIA-2022","MIA-2022"
"Miami Heat",30.6,54,28,54,28,4.76,-0.61,4.15,110.9,105.8,5.1,91.2,0.3,0.292,0.59,0.554,14.6,20.6,0.228,0.511,15.8,73,0.212,"AmericanAirlines Arena",811036,19781,2014,0,"MIA-2014","MIA-2014"
"Miami Heat",28.4,48,34,46,36,1.65,-0.14,1.5,106.1,104.4,1.7,93.6,0.282,0.221,0.545,0.508,13.3,23.8,0.21,0.485,12.1,77.8,0.196,"AmericanAirlines Arena",809350,19740,2016,2,"MIA-2016","MIA-2016"
"Miami Heat",29.3,44,38,38,44,-0.91,-0.29,-1.21,104.3,105.3,-1,89.9,0.321,0.245,0.541,0.506,14.3,24.9,0.222,0.485,13.8,73.3,0.232,"AmericanAirlines Arena",808541,19721,2007,6,"MIA-2007","MIA-2007"
"Miami Heat",29,58,24,61,21,7.46,-0.71,6.76,111.7,103.5,8.2,90.9,0.363,0.235,0.573,0.524,13.5,25.2,0.279,0.475,12.6,75.5,0.223,"AmericanAirlines Arena",810930,19779,2011,-3,"MIA-2011","MIA-2011"
"Miami Heat",28.5,37,45,33,49,-2.6,-0.32,-2.92,103.9,106.7,-2.8,90.9,0.306,0.262,0.54,0.5,14.5,23.2,0.227,0.505,14.2,73.4,0.213,"AmericanAirlines Arena",808223,19713,2015,4,"MIA-2015","MIA-2015"
"Miami Heat",25.9,44,29,43,30,2.95,-0.35,2.59,112.5,109.5,3,98.3,0.299,0.419,0.587,0.547,13.5,20.3,0.234,0.523,12.6,79.5,0.213,"AmericanAirlines Arena",629771,19680,2020,1,"MIA-2020","MIA-2020"
"Miami Heat",25.6,43,39,42,40,0.26,0.23,0.49,107.8,107.6,0.2,89.9,0.282,0.245,0.54,0.5,12.1,24.6,0.212,0.501,14.5,72.9,0.251,"AmericanAirlines Arena",748778,18263,2009,1,"MIA-2009","MIA-2009"
"Miami Heat",27,39,43,40,42,-0.23,-0.22,-0.45,107.3,107.6,-0.3,98.2,0.247,0.368,0.542,0.515,13.1,24.8,0.172,0.51,12.7,77.6,0.201,"AmericanAirlines Arena",805264,19641,2019,-1,"MIA-2019","MIA-2019"
"Miami Heat",27.4,15,67,18,64,-8.65,0.11,-8.53,100.5,110,-9.5,90.2,0.3,0.217,0.522,0.482,14.4,22.1,0.218,0.51,13.6,71.9,0.245,"AmericanAirlines Arena",798004,19464,2008,-3,"MIA-2008","MIA-2008"
"Milwaukee Bucks",26.7,35,47,38,44,-0.84,-0.17,-1.02,101.6,102.5,-0.9,89.8,0.287,0.216,0.511,0.467,13,24.7,0.217,0.481,14.7,74.8,0.236,"Bradley Center",631912,15412,2011,-3,"MIL-2011","MIL-2011"
"Milwaukee Bucks",26,28,54,29,53,-4.38,-0.06,-4.43,107,111.7,-4.7,92.3,0.286,0.219,0.541,0.504,14.1,27.6,0.209,0.522,14.5,68.1,0.234,"Bradley Center",663629,16186,2007,-1,"MIL-2007","MIL-2007"
"Milwaukee Bucks",26.2,31,35,34,32,0.27,-0.5,-0.23,105.5,105.2,0.3,93.7,0.25,0.224,0.521,0.481,12.9,27.7,0.194,0.489,14.6,70.9,0.217,"Bradley Center",485717,14719,2012,-3,"MIL-2012","MIL-2012"
"Milwaukee Bucks",23.5,33,49,29,53,-4.18,0.2,-3.98,104.3,108.7,-4.4,94.2,0.276,0.189,0.537,0.499,14.2,24.9,0.207,0.51,14.2,73.1,0.221,"BMO Harris Bradley Center",621808,15166,2016,4,"MIL-2016","MIL-2016"
"Milwaukee Bucks",24.7,15,67,20,62,-8.18,-0.23,-8.41,103,111.8,-8.8,91.8,0.274,0.231,0.519,0.479,14.1,27.1,0.204,0.52,13.2,71.4,0.225,"BMO Harris Bradley Center",552067,13465,2014,-5,"MIL-2014","MIL-2014"
"Milwaukee Bucks",25.9,44,38,40,42,-0.3,-0.15,-0.45,109.8,110.1,-0.3,96.2,0.281,0.297,0.571,0.531,12.9,20.4,0.22,0.528,14.2,75.9,0.22,"BMO Harris Bradley Center",685303,16856,2018,4,"MIL-2018","MIL-2018"
"Milwaukee Bucks",26.3,34,48,38,44,-1.09,0.21,-0.88,106.7,107.9,-1.2,92.6,0.306,0.208,0.531,0.483,13.1,27.8,0.239,0.503,15.6,74,0.315,"Bradley Center",630976,15390,2009,-4,"MIL-2009","MIL-2009"
"Milwaukee Bucks",26.9,60,22,61,21,8.87,-0.82,8.04,113.8,105.2,8.6,103.3,0.255,0.419,0.583,0.55,12,20.8,0.197,0.503,11.5,80.3,0.162,"Fiserv Forum",721692,17602,2019,-1,"MIL-2019","MIL-2019"
"Milwaukee Bucks",29.2,56,17,57,16,10.08,-0.67,9.41,112.4,102.9,9.5,105.1,0.271,0.428,0.583,0.552,12.9,20.7,0.201,0.489,12,81.6,0.178,"Fiserv Forum",549036,17711,2020,-1,"MIL-2020","MIL-2020"
"Milwaukee Bucks",25.8,26,56,23,59,-6.89,-0.03,-6.92,105.3,112.8,-7.5,91.3,0.294,0.195,0.522,0.482,13.7,30,0.215,0.524,13,73,0.25,"Bradley Center",639421,15596,2008,3,"MIL-2008","MIL-2008"
"Milwaukee Bucks",28.1,46,26,48,24,5.89,-0.32,5.57,117.2,111.4,5.8,102.2,0.233,0.404,0.593,0.566,12,23.3,0.177,0.536,11.5,79.7,0.157,"Fiserv Forum",64780,1799,2021,-2,"MIL-2021","MIL-2021"
"Milwaukee Bucks",24.6,41,41,42,40,0.43,-0.52,-0.09,102.7,102.2,0.5,94.1,0.258,0.223,0.536,0.499,15.5,25.4,0.195,0.487,15.9,73.3,0.221,"BMO Harris Bradley Center",593910,14813,2015,-1,"MIL-2015","MIL-2015"
"Milwaukee Bucks",28.5,51,31,49,33,3.35,-0.14,3.22,115.1,111.8,3.3,99.9,0.257,0.43,0.58,0.546,11.9,23,0.199,0.536,11.6,78.6,0.165,"Fiserv Forum",715581,17453,2022,2,"MIL-2022","MIL-2022"
"Milwaukee Bucks",26.4,46,36,46,36,1.7,-0.32,1.37,104.9,103.1,1.8,91.7,0.239,0.259,0.518,0.482,12.3,26.2,0.181,0.486,14.6,76.4,0.266,"Bradley Center",619453,15109,2010,0,"MIL-2010","MIL-2010"
"Milwaukee Bucks",26.4,38,44,37,45,-1.5,-0.33,-1.83,103.6,105.2,-1.6,94.7,0.236,0.232,0.51,0.476,12.7,27.9,0.174,0.492,14.4,71.3,0.201,"BMO Harris Bradley Center",616469,15036,2013,1,"MIL-2013","MIL-2013"
"Milwaukee Bucks",25.6,42,40,40,42,-0.18,-0.26,-0.45,109.1,109.3,-0.2,94.5,0.274,0.29,0.565,0.527,13.2,21.5,0.21,0.518,13.6,75.4,0.215,"BMO Harris Bradley Center",648952,15828,2017,2,"MIL-2017","MIL-2017"
"Minnesota Timberwolves",23.8,17,65,24,58,-6.63,0.67,-5.97,104.2,111.1,-6.9,96.5,0.282,0.223,0.526,0.483,15.1,29.6,0.217,0.514,13.1,73.7,0.251,"Target Center",624960,15243,2011,-7,"MIN-2011","MIN-2011"
"Minnesota Timberwolves",24.6,29,53,31,51,-3.54,0.15,-3.38,106.5,110.1,-3.6,95.2,0.332,0.202,0.549,0.498,13.9,24.3,0.263,0.524,13.6,74.7,0.2,"Target Center",581178,14175,2016,-2,"MIN-2016","MIN-2016"
"Minnesota Timberwolves",26.3,40,42,48,34,2.67,0.43,3.1,108.9,106.2,2.7,97.3,0.321,0.245,0.535,0.486,12.2,27.4,0.249,0.518,14.8,74.4,0.177,"Target Center",597157,14565,2014,-8,"MIN-2014","MIN-2014"
"Minnesota Timberwolves",27.7,32,50,30,52,-3.67,0.51,-3.16,103.9,107.9,-4,91,0.291,0.167,0.537,0.49,14.8,25.1,0.231,0.498,13.3,72.1,0.226,"Target Center",655947,15999,2007,2,"MIN-2007","MIN-2007"
"Minnesota Timberwolves",24.1,15,67,17,65,-9.6,0.54,-9.06,101.7,111.6,-9.9,96.1,0.278,0.171,0.518,0.478,14.6,26.7,0.207,0.525,13,73.6,0.22,"Target Center",619170,15102,2010,-2,"MIN-2010","MIN-2010"
"Minnesota Timberwolves",24.4,16,66,19,63,-8.79,0.79,-8,102.9,112.2,-9.3,94.4,0.309,0.179,0.517,0.468,13.7,26.6,0.24,0.537,13.9,71.6,0.187,"Target Center",595652,14416,2015,-3,"MIN-2015","MIN-2015"
"Minnesota Timberwolves",24,31,51,38,44,-1.11,0.47,-0.64,110.8,112,-1.2,94.6,0.287,0.249,0.555,0.511,12.9,27.2,0.229,0.535,13.2,75.9,0.212,"Target Center",607203,14810,2017,-7,"MIN-2017","MIN-2017"
"Minnesota Timberwolves",24.2,46,36,48,34,2.63,-0.1,2.53,114.3,111.7,2.6,100.9,0.254,0.454,0.573,0.539,12.4,24.4,0.198,0.535,14.2,74.9,0.227,"Target Center",657148,16028,2022,-2,"MIN-2022","MIN-2022"
"Minnesota Timberwolves",25.4,24,58,27,55,-4.91,0.18,-4.74,106.1,111.4,-5.3,91.6,0.289,0.227,0.526,0.481,13.3,27.7,0.222,0.515,12,75,0.254,"Target Center",595013,14513,2009,-3,"MIN-2009","MIN-2009"
"Minnesota Timberwolves",24.4,26,40,28,38,-2.2,0.37,-1.83,104.3,106.6,-2.3,93.3,0.306,0.262,0.524,0.477,14,27.5,0.236,0.491,12.2,73,0.187,"Target Center",577197,17491,2012,-2,"MIN-2012","MIN-2012"
"Minnesota Timberwolves",26.2,36,46,37,45,-1.5,0.48,-1.02,111.4,112.9,-1.5,100.2,0.267,0.315,0.552,0.511,11.4,24.6,0.21,0.538,12.9,74.9,0.19,"Target Center",627543,15306,2019,-1,"MIN-2019","MIN-2019"
"Minnesota Timberwolves",24.8,19,45,24,40,-4.3,0.28,-4.02,108.1,112.2,-4.1,103.4,0.277,0.433,0.551,0.514,13,22.1,0.209,0.541,13.2,77.2,0.218,"Target Center",482112,15066,2020,-5,"MIN-2020","MIN-2020"
"Minnesota Timberwolves",27.1,47,35,47,35,2.23,0.12,2.35,113.4,111.1,2.3,96,0.28,0.261,0.566,0.523,11.4,24.4,0.225,0.539,13.9,76.4,0.189,"Target Center",699308,17056,2018,0,"MIN-2018","MIN-2018"
"Minnesota Timberwolves",23.2,23,49,24,48,-5.56,0.31,-5.25,109.5,115,-5.5,101.6,0.254,0.413,0.555,0.52,12.4,22.7,0.193,0.556,13.3,76.8,0.207,"Target Center",15774,438,2021,-1,"MIN-2021","MIN-2021"
"Minnesota Timberwolves",24.6,22,60,23,59,-6.78,0.52,-6.26,103.8,111.2,-7.4,91.9,0.248,0.185,0.518,0.484,13.6,27.5,0.183,0.513,12.9,73.6,0.269,"Target Center",593537,14477,2008,-1,"MIN-2008","MIN-2008"
"Minnesota Timberwolves",26.4,31,51,34,48,-2.37,0.54,-1.83,102.9,105.4,-2.5,92.8,0.305,0.22,0.516,0.473,13.8,27.4,0.226,0.511,15,74,0.187,"Target Center",669956,16340,2013,-3,"MIN-2013","MIN-2013"
"New Jersey Nets",25.7,34,48,34,48,-2.44,0.13,-2.31,108.3,111,-2.7,89.9,0.303,0.265,0.543,0.497,12.7,25.2,0.236,0.509,13,73.5,0.272,"Izod Center",621062,15148,2009,0,"BKN-2009","BKN-2009"
"New Jersey Nets",28.2,41,41,39,43,-0.77,-0.23,-1,105.7,106.6,-0.9,91.4,0.338,0.263,0.546,0.504,14.2,24.6,0.245,0.49,13.7,74.4,0.266,"Continental Airlines Arena",693955,16926,2007,2,"BKN-2007","BKN-2007"
"New Jersey Nets",24.8,12,70,17,65,-9.12,0.19,-8.93,100.6,110.5,-9.9,91.4,0.307,0.181,0.509,0.458,13.7,25.1,0.24,0.517,13.3,71.8,0.229,"Izod Center",537230,13103,2010,-5,"BKN-2010","BKN-2010"
"New Jersey Nets",24.8,24,58,24,58,-6.24,-0.04,-6.28,103.1,109.9,-6.8,89.9,0.283,0.201,0.517,0.474,13.4,26.1,0.215,0.503,11.8,74.2,0.241,"Prudential Center",581378,13949,2011,0,"BKN-2011","BKN-2011"
"New Jersey Nets",26.1,22,44,19,47,-5.98,-0.39,-6.37,102.9,109.6,-6.7,90.1,0.269,0.278,0.516,0.473,14.3,27.8,0.209,0.513,13.7,70.7,0.209,"Prudential Center",460719,13961,2012,3,"BKN-2012","BKN-2012"
"New Jersey Nets",27.4,34,48,27,55,-5.06,-0.09,-5.15,104,109.4,-5.4,91.5,0.347,0.222,0.528,0.481,14.2,26.6,0.255,0.497,12.7,73.8,0.271,"Izod Center",641921,15657,2008,7,"BKN-2008","BKN-2008"
"New Orleans Hornets",26.3,46,36,44,38,0.89,0.39,1.28,106.2,105.2,1,88.7,0.296,0.192,0.537,0.493,12.8,25.1,0.226,0.501,14.4,76.2,0.22,"New Orleans Arena",603088,14709,2011,2,"NOP-2011","NOP-2011"
"New Orleans Hornets",27.1,56,26,56,26,5.28,0.18,5.46,111.5,105.7,5.8,89.9,0.251,0.239,0.548,0.512,11.4,27,0.193,0.501,13.5,75.4,0.184,"New Orleans Arena",581432,14181,2008,0,"NOP-2008","NOP-2008"
"New Orleans Hornets",25.5,21,45,24,42,-3.76,0.65,-3.11,100.9,105.1,-4.2,88.3,0.274,0.152,0.517,0.476,15.2,27.5,0.207,0.485,13.5,73.1,0.218,"New Orleans Arena",498618,15110,2012,-3,"NOP-2012","NOP-2012"
"New Orleans Hornets",28.2,49,33,46,36,1.55,-0.14,1.41,108.7,107,1.7,87.8,0.288,0.24,0.548,0.501,12.5,24.6,0.232,0.496,13.2,74.9,0.23,"New Orleans Arena",695727,16969,2009,3,"NOP-2009","NOP-2009"
"New Orleans Hornets",27.5,37,45,34,48,-2.46,0.19,-2.27,107.4,110.1,-2.7,92.6,0.243,0.23,0.543,0.506,12.7,24.8,0.189,0.523,13.5,73.8,0.205,"New Orleans Arena",617366,15058,2010,3,"NOP-2010","NOP-2010"
"New Orleans Hornets",24,27,55,30,52,-3.87,0.75,-3.12,105.7,110.1,-4.4,88.5,0.248,0.224,0.528,0.489,14,29.2,0.193,0.52,13.1,74.4,0.208,"New Orleans Arena",565930,13803,2013,-3,"NOP-2013","NOP-2013"
"New Orleans Pelicans",26.6,30,52,31,51,-3.79,0.24,-3.56,105.6,109.5,-3.9,96.8,0.259,0.277,0.537,0.498,12.3,21.2,0.201,0.523,12.7,78.8,0.225,"Smoothie King Center",688549,16794,2016,-1,"NOP-2016","NOP-2016"
"New Orleans Pelicans",25.7,34,48,35,47,-2.1,0.41,-1.69,105.2,107.4,-2.2,98,0.256,0.308,0.539,0.504,11.7,18.5,0.192,0.509,12.4,76.8,0.177,"Smoothie King Center",663099,16173,2017,-1,"NOP-2017","NOP-2017"
"New Orleans Pelicans",25.7,33,49,38,44,-1.33,0.23,-1.1,111.4,112.6,-1.2,103.3,0.254,0.324,0.563,0.529,12.6,24.1,0.193,0.532,11.6,76.8,0.193,"Smoothie King Center",656183,16004,2019,-5,"NOP-2019","NOP-2019"
"New Orleans Pelicans",25.4,30,42,33,39,-1.29,0.74,-0.55,110.7,111.9,-1.2,103.7,0.256,0.403,0.568,0.539,13.9,24.2,0.186,0.532,12.4,77.8,0.212,"Smoothie King Center",528172,16505,2020,-3,"NOP-2020","NOP-2020"
"New Orleans Pelicans",24.3,34,48,33,49,-2.71,0.73,-1.98,107.2,110.1,-2.9,92.2,0.286,0.193,0.537,0.495,12.9,26.9,0.22,0.515,13.6,73.8,0.249,"Smoothie King Center",672029,16391,2014,1,"NOP-2014","NOP-2014"
"New Orleans Pelicans",27.6,48,34,44,38,1.3,0.18,1.48,109.6,108.3,1.3,100.5,0.237,0.319,0.573,0.541,13.3,20,0.183,0.513,12.5,76.7,0.175,"Smoothie King Center",673920,16437,2018,4,"NOP-2018","NOP-2018"
"New Orleans Pelicans",25.3,45,37,43,39,0.79,0.34,1.13,108.2,107.3,0.9,91.4,0.263,0.233,0.537,0.501,12.5,27.1,0.198,0.496,11.7,75.1,0.195,"Smoothie King Center",683757,16677,2015,2,"NOP-2015","NOP-2015"
"New Orleans Pelicans",24.8,31,41,35,37,-0.29,0.1,-0.2,113.5,113.8,-0.3,100.1,0.293,0.342,0.57,0.537,12.7,26.3,0.214,0.55,11.9,80,0.186,"Smoothie King Center",93120,2587,2021,-4,"NOP-2021","NOP-2021"
"New Orleans Pelicans",25.6,36,46,38,44,-0.99,0.15,-0.84,112,113,-1,97.2,0.264,0.365,0.557,0.517,12.5,26.9,0.208,0.547,13,78.2,0.196,"Smoothie King Center",635941,15511,2022,-2,"NOP-2022","NOP-2022"
"New Orleans/Oklahoma City Hornets",26.4,39,43,36,46,-1.57,0.38,-1.19,104.8,106.5,-1.7,90.2,0.291,0.188,0.52,0.479,13.6,29.1,0.215,0.499,13.2,74.7,0.212,"Ford Center",731165,17954,2007,3,"NOP-2007","NOP-2007"
"New York Knicks",24.5,21,45,20,46,-6.45,-0.26,-6.72,106.5,113,-6.5,98.6,0.263,0.318,0.531,0.501,12.6,25.8,0.182,0.541,12.4,78.3,0.224,"Madison Square Garden (IV)",620789,18812,2020,1,"NYK-2020","NYK-2020"
"New York Knicks",25.7,23,59,23,59,-6.61,0.06,-6.55,104.7,111.9,-7.2,91.6,0.31,0.215,0.518,0.475,13.4,28.6,0.226,0.518,12.1,72.7,0.229,"Madison Square Garden (IV)",783739,19116,2008,0,"NYK-2008","NYK-2008"
"New York Knicks",26,37,45,41,41,-0.12,0.11,-0.01,110.4,110.5,-0.1,95.9,0.28,0.428,0.55,0.513,12,25.1,0.208,0.521,11.7,78.8,0.198,"Madison Square Garden (IV)",763484,18622,2022,-4,"NYK-2022","NYK-2022"
"New York Knicks",25.6,41,31,41,31,2.31,-0.18,2.13,110.6,108.2,2.4,95.9,0.242,0.347,0.559,0.524,11.9,21.9,0.19,0.509,11.7,78.6,0.196,"Madison Square Garden (IV)",42131,1170,2021,0,"NYK-2021","NYK-2021"
"New York Knicks",26.9,17,65,17,65,-9.32,-0.18,-9.5,99.9,110,-10.1,91.2,0.234,0.24,0.508,0.47,14,24.5,0.18,0.512,13.3,73.1,0.234,"Madison Square Garden (IV)",812292,19812,2015,0,"NYK-2015","NYK-2015"
"New York Knicks",28.3,37,45,39,43,-0.79,-0.61,-1.4,108.3,109.1,-0.8,90.3,0.248,0.302,0.541,0.505,12.5,25.1,0.189,0.514,14,74.3,0.245,"Madison Square Garden (IV)",812292,19812,2014,-2,"NYK-2014","NYK-2014"
"New York Knicks",25.4,29,53,31,51,-3.82,-0.19,-4.01,107.6,111.6,-4,94,0.256,0.312,0.547,0.509,13,23.5,0.2,0.526,13.3,72.1,0.207,"Madison Square Garden (IV)",799550,19501,2010,-2,"NYK-2010","NYK-2010"
"New York Knicks",23.4,17,65,19,63,-9.21,0.28,-8.93,104.5,113.7,-9.2,99.6,0.27,0.334,0.529,0.49,12.4,22.1,0.205,0.533,11.7,76.1,0.203,"Madison Square Garden (IV)",779087,19002,2019,-2,"NYK-2019","NYK-2019"
"New York Knicks",30.2,54,28,53,29,4.23,-0.5,3.73,111.1,106.3,4.8,89.8,0.258,0.354,0.55,0.515,11.7,25.6,0.196,0.508,14.8,74.7,0.216,"Madison Square Garden (IV)",780353,19033,2013,1,"NYK-2013","NYK-2013"
"New York Knicks",25.3,42,40,43,39,0.78,-0.3,0.48,110.9,110.1,0.8,95.6,0.304,0.303,0.561,0.513,12.6,24.2,0.246,0.511,13.8,71.9,0.24,"Madison Square Garden (IV)",808879,19729,2011,-1,"NYK-2011","NYK-2011"
"New York Knicks",27.3,31,51,31,51,-3.67,-0.2,-3.87,107.7,111.5,-3.8,96,0.239,0.279,0.534,0.496,12.4,26.6,0.188,0.511,11.7,74.1,0.214,"Madison Square Garden (IV)",810741,19774,2017,0,"NYK-2017","NYK-2017"
"New York Knicks",25.7,32,50,34,48,-2.61,0.28,-2.33,108.1,110.8,-2.7,96.7,0.268,0.322,0.544,0.503,12.9,24.4,0.21,0.52,13,72.7,0.215,"Madison Square Garden (IV)",790801,19288,2009,-2,"NYK-2009","NYK-2009"
"New York Knicks",27.2,32,50,33,49,-2.73,0,-2.74,104.6,107.6,-3,93.4,0.255,0.256,0.527,0.483,12.6,23.7,0.205,0.487,10.5,75.8,0.204,"Madison Square Garden (IV)",812292,19812,2016,-1,"NYK-2016","NYK-2016"
"New York Knicks",26.3,36,30,41,25,3.2,-0.81,2.39,104.4,101,3.4,93.2,0.306,0.288,0.533,0.492,14.9,26.6,0.227,0.485,15.9,73.7,0.224,"Madison Square Garden (IV)",652179,19763,2012,-5,"NYK-2012","NYK-2012"
"New York Knicks",26.3,29,53,32,50,-3.56,0.03,-3.53,107.1,110.7,-3.6,96.8,0.216,0.266,0.544,0.51,13.3,24.1,0.17,0.522,12.2,76.7,0.208,"Madison Square Garden (IV)",792608,19332,2018,-3,"NYK-2018","NYK-2018"
"New York Knicks",25.4,33,49,33,49,-2.85,-0.21,-3.06,105.7,108.8,-3.1,90.8,0.377,0.216,0.539,0.494,15.9,31,0.27,0.504,13,74,0.246,"Madison Square Garden (IV)",770617,18796,2007,0,"NYK-2007","NYK-2007"
"Oklahoma City Thunder",25.5,44,28,41,31,1.99,0.34,2.33,110.8,108.8,2,98.8,0.29,0.353,0.573,0.53,12.4,19.3,0.231,0.518,12.6,76.8,0.173,"Chesapeake Energy Arena",600699,18203,2020,3,"OKC-2020","OKC-2020"
"Oklahoma City Thunder",27.3,48,34,50,32,3.41,0,3.42,110.7,107.2,3.5,96.7,0.275,0.345,0.546,0.514,12.4,27.7,0.197,0.525,14.7,77.4,0.193,"Chesapeake Energy Arena",746322,18203,2018,-2,"OKC-2018","OKC-2018"
"Oklahoma City Thunder",26.2,59,23,58,24,6.34,0.32,6.66,110.5,103.9,6.6,95.4,0.303,0.271,0.566,0.52,14,26.5,0.244,0.488,13.9,75.6,0.221,"Chesapeake Energy Arena",746323,18203,2014,1,"OKC-2014","OKC-2014"
"Oklahoma City Thunder",25.7,49,33,50,32,3.4,0.15,3.56,110.3,107,3.3,102.8,0.266,0.347,0.545,0.514,11.7,26,0.19,0.523,14.4,78.2,0.206,"Chesapeake Energy Arena",746323,18203,2019,-1,"OKC-2019","OKC-2019"
"Oklahoma City Thunder",22.8,22,50,15,57,-10.64,0.51,-10.13,103.5,114,-10.5,101,0.242,0.399,0.539,0.509,14.2,21.2,0.176,0.547,11.5,77.9,0.167,"Chesapeake Energy Arena",NA,NA,2021,7,"OKC-2021","OKC-2021"
"Oklahoma City Thunder",26,60,22,64,18,9.21,-0.06,9.15,112.4,102.6,9.8,93.3,0.338,0.244,0.58,0.527,14.4,26.7,0.28,0.469,13.5,73.4,0.197,"Chesapeake Energy Arena",746323,18203,2013,-4,"OKC-2013","OKC-2013"
"Oklahoma City Thunder",25.4,45,37,47,35,2.18,0.28,2.47,107.8,105.5,2.3,95.7,0.284,0.262,0.532,0.492,13.1,28.9,0.214,0.489,12.4,75.6,0.213,"Chesapeake Energy Arena",746323,18203,2015,-2,"OKC-2015","OKC-2015"
"Oklahoma City Thunder",23.2,50,32,51,31,3.49,0.06,3.55,108.3,104.6,3.7,93.1,0.333,0.185,0.547,0.494,13.9,28.6,0.268,0.483,14,73.6,0.229,"Oklahoma City Arena",738149,18004,2010,-1,"OKC-2010","OKC-2010"
"Oklahoma City Thunder",24.7,47,35,43,39,0.76,0.39,1.14,108.3,107.5,0.8,97.8,0.295,0.295,0.54,0.5,13.2,27.9,0.22,0.511,12.5,79,0.218,"Chesapeake Energy Arena",746323,18203,2017,4,"OKC-2017","OKC-2017"
"Oklahoma City Thunder",25.1,47,19,46,20,6.12,0.32,6.44,109.8,103.2,6.6,93,0.334,0.252,0.567,0.516,15.3,27.8,0.269,0.465,13,72.1,0.207,"Chesapeake Energy Arena",600699,18203,2012,1,"OKC-2012","OKC-2012"
"Oklahoma City Thunder",25.8,55,27,59,23,7.28,-0.19,7.09,113.1,105.6,7.5,96.7,0.292,0.275,0.565,0.524,14,31.1,0.228,0.484,11.7,76,0.205,"Chesapeake Energy Arena",746323,18203,2016,-4,"OKC-2016","OKC-2016"
"Oklahoma City Thunder",22.4,24,58,21,61,-8.1,0.2,-7.9,104.6,112.8,-8.2,98.5,0.223,0.419,0.53,0.497,12.5,21.8,0.169,0.533,11.8,76.1,0.169,"Paycom Center",595112,14515,2022,3,"OKC-2022","OKC-2022"
"Oklahoma City Thunder",24.5,23,59,24,58,-6.1,0.06,-6.04,102.9,109.4,-6.5,93.6,0.308,0.141,0.521,0.471,14.8,28.6,0.242,0.514,13,73.9,0.216,"Ford Center",766868,18704,2009,-1,"OKC-2009","OKC-2009"
"Oklahoma City Thunder",23.7,55,27,51,31,3.79,0.02,3.81,111.2,107.2,4,92.7,0.363,0.212,0.561,0.501,13.1,27.4,0.299,0.493,12.9,73.6,0.228,"Chesapeake Energy Arena",744068,18148,2011,4,"OKC-2011","OKC-2011"
"Orlando Magic",25.7,42,40,43,39,0.71,-0.43,0.28,108.9,108.1,0.8,98.1,0.216,0.36,0.55,0.518,11.9,22,0.168,0.515,11.8,79.7,0.186,"Amway Center",720024,17431,2019,-1,"ORL-2019","ORL-2019"
"Orlando Magic",25.6,25,57,28,54,-4.82,-0.1,-4.92,105.2,110.1,-4.9,98.1,0.238,0.342,0.545,0.512,13.3,20,0.18,0.525,12.8,75.6,0.187,"Amway Center",734531,17915,2018,-3,"ORL-2018","ORL-2018"
"Orlando Magic",27.9,59,23,61,21,7.49,-0.37,7.12,111.4,103.3,8.1,92,0.34,0.35,0.573,0.536,13.6,24.6,0.246,0.477,12.2,77.4,0.205,"Amway Arena",715901,17461,2010,-2,"ORL-2010","ORL-2010"
"Orlando Magic",26.7,52,30,56,26,5.46,-0.68,4.79,111.3,105.5,5.8,93.4,0.355,0.322,0.575,0.537,13.6,23.4,0.256,0.484,12.3,74.8,0.217,"Amway Arena",709346,17301,2008,-4,"ORL-2008","ORL-2008"
"Orlando Magic",27.3,59,23,59,23,6.7,-0.21,6.48,109.2,101.9,7.3,92.3,0.351,0.335,0.559,0.52,13.4,24,0.251,0.465,12.3,75.9,0.209,"Amway Arena",698768,17043,2009,0,"ORL-2009","ORL-2009"
"Orlando Magic",24.3,25,57,25,57,-5.72,-0.15,-5.87,101.6,107.7,-6.1,93.8,0.23,0.235,0.524,0.494,14,23.1,0.168,0.514,13.6,76,0.21,"Amway Center",688194,16785,2015,0,"ORL-2015","ORL-2015"
"Orlando Magic",24.6,20,62,22,60,-6.99,-0.14,-7.12,101.6,109.1,-7.5,92.2,0.197,0.223,0.514,0.485,13.7,25.4,0.149,0.508,11.8,74.6,0.195,"Amway Center",722716,17627,2013,-2,"ORL-2013","ORL-2013"
"Orlando Magic",23.9,35,47,36,46,-1.62,-0.06,-1.68,105.1,106.8,-1.7,96,0.232,0.255,0.533,0.5,12.8,23.1,0.175,0.513,13.8,76.5,0.215,"Amway Center",719275,17515,2016,-1,"ORL-2016","ORL-2016"
"Orlando Magic",25.3,29,53,24,58,-6.57,-0.04,-6.61,103.7,110.5,-6.8,96.8,0.246,0.3,0.524,0.489,12.1,21.6,0.184,0.523,11.9,77.4,0.201,"Amway Center",727875,17753,2017,5,"ORL-2017","ORL-2017"
"Orlando Magic",25.6,21,51,17,55,-9.31,0.29,-9.02,105.1,114.5,-9.4,98.7,0.24,0.356,0.527,0.49,11.5,21.6,0.186,0.547,11.5,78.2,0.169,"Amway Center",126463,3513,2021,4,"ORL-2021","ORL-2021"
"Orlando Magic",25.6,40,42,43,39,0.78,-0.43,0.35,104.9,104.1,0.8,89.9,0.393,0.158,0.544,0.5,16.3,29.3,0.276,0.48,14.6,73.7,0.286,"Amway Arena",700887,17095,2007,-3,"ORL-2007","ORL-2007"
"Orlando Magic",27.5,37,29,35,31,0.79,-0.33,0.46,105,104.1,0.9,89,0.292,0.346,0.533,0.506,14.5,26.5,0.193,0.488,12.9,75.5,0.19,"Amway Center",623587,18897,2012,2,"ORL-2012","ORL-2012"
"Orlando Magic",23.3,22,60,21,61,-8,0.33,-7.67,104.5,112.5,-8,99.2,0.223,0.417,0.538,0.503,13,19.8,0.175,0.532,11.7,77.2,0.196,"Amway Center",622881,15192,2022,1,"ORL-2022","ORL-2022"
"Orlando Magic",27.6,52,30,56,26,5.46,-0.54,4.92,107.9,102,5.9,91.2,0.328,0.328,0.554,0.521,14.3,26.1,0.227,0.475,13.3,76.9,0.219,"Amway Center",777852,18972,2011,-4,"ORL-2011","ORL-2011"
"Orlando Magic",26.1,33,40,34,39,-1.01,0.09,-0.93,108.5,109.5,-1,98.6,0.256,0.364,0.544,0.506,11.5,22.3,0.198,0.535,13.2,79.1,0.176,"Amway Center",529870,17093,2020,-1,"ORL-2020","ORL-2020"
"Orlando Magic",24.6,23,59,26,56,-5.44,-0.44,-5.88,101.7,107.4,-5.7,93.6,0.253,0.235,0.525,0.487,13.9,22.4,0.193,0.504,13,75.5,0.211,"Amway Center",666046,16245,2014,-3,"ORL-2014","ORL-2014"
"Philadelphia 76ers",25.8,52,30,53,29,4.5,-0.2,4.3,109.5,105,4.5,99.8,0.263,0.344,0.568,0.535,14.6,25.3,0.198,0.492,12.6,78.6,0.218,"Wells Fargo Center",833503,20361,2018,-1,"PHI-2018","PHI-2018"
"Philadelphia 76ers",23.2,18,64,18,64,-8.98,-0.07,-9.04,95.5,104.8,-9.3,95.7,0.288,0.319,0.494,0.459,16,25.5,0.195,0.497,15.2,73,0.225,"Wells Fargo Center",571572,13941,2015,0,"PHI-2015","PHI-2015"
"Philadelphia 76ers",24.7,41,41,45,37,1.5,-0.5,1.01,106.6,105,1.6,91.7,0.273,0.184,0.535,0.494,12.3,24.6,0.21,0.487,13.5,74.5,0.231,"Wells Fargo Center",604823,14752,2011,-4,"PHI-2011","PHI-2011"
"Philadelphia 76ers",26.2,35,47,32,50,-3.02,-0.23,-3.26,103.6,106.9,-3.3,90.7,0.333,0.128,0.53,0.48,14.6,27.2,0.255,0.501,14.7,70.8,0.221,"Wachovia Center",608603,14844,2007,3,"PHI-2007","PHI-2007"
"Philadelphia 76ers",24.9,35,31,43,23,4.24,-0.65,3.59,103.9,99.2,4.7,89.7,0.217,0.175,0.511,0.48,10.9,24.4,0.161,0.46,13.5,75.2,0.192,"Wells Fargo Center",577597,17503,2012,-8,"PHI-2012","PHI-2012"
"Philadelphia 76ers",25.4,27,55,30,52,-3.9,-0.03,-3.93,106.1,110.3,-4.2,91.6,0.27,0.206,0.534,0.496,13.7,27.6,0.204,0.518,13.8,73.2,0.231,"Wachovia Center",583219,14225,2010,-3,"PHI-2010","PHI-2010"
"Philadelphia 76ers",25.3,40,42,42,40,0.41,-0.23,0.19,106.4,106,0.4,90.4,0.321,0.143,0.522,0.482,13.4,31.8,0.227,0.504,15.1,72,0.205,"Wachovia Center",609675,14870,2008,-2,"PHI-2008","PHI-2008"
"Philadelphia 76ers",26.8,51,31,48,34,2.61,-0.04,2.57,113.5,110.8,2.7,96.2,0.282,0.376,0.578,0.534,11.6,20.1,0.232,0.524,12.1,76.8,0.192,"Wells Fargo Center",846867,20655,2022,3,"PHI-2022","PHI-2022"
"Philadelphia 76ers",25.2,34,48,31,51,-3.34,-0.17,-3.51,102,105.7,-3.7,91,0.2,0.209,0.509,0.481,12.5,24.9,0.146,0.495,13.7,73.4,0.2,"Wells Fargo Center",685412,16717,2013,3,"PHI-2013","PHI-2013"
"Philadelphia 76ers",23.4,19,63,16,66,-10.45,-0.21,-10.66,99.4,109.9,-10.5,99.2,0.268,0.258,0.51,0.475,14.8,24.8,0.19,0.524,14.9,72.4,0.244,"Wells Fargo Center",568632,13869,2014,3,"PHI-2014","PHI-2014"
"Philadelphia 76ers",24.6,28,54,26,56,-5.7,-0.14,-5.83,103.2,108.9,-5.7,98.5,0.258,0.349,0.539,0.501,14.9,22.4,0.199,0.512,13.5,75.3,0.234,"Wells Fargo Center",710557,17331,2017,2,"PHI-2017","PHI-2017"
"Philadelphia 76ers",26.4,51,31,48,34,2.7,-0.44,2.25,112.6,110,2.6,101.6,0.312,0.342,0.574,0.532,12.9,24.5,0.241,0.512,11.1,78.6,0.206,"Wells Fargo Center",838342,20447,2019,3,"PHI-2019","PHI-2019"
"Philadelphia 76ers",26.1,41,41,41,41,0.07,0.09,0.16,107.9,107.8,0.1,90,0.339,0.164,0.532,0.485,13.4,31.3,0.253,0.507,14.9,71.4,0.216,"Wachovia Center",647898,15802,2009,0,"PHI-2009","PHI-2009"
"Philadelphia 76ers",27.1,49,23,48,24,5.58,-0.31,5.28,113.2,107.6,5.6,99.5,0.293,0.347,0.579,0.541,12.8,23.2,0.225,0.521,13.8,78.2,0.2,"Wells Fargo Center",68583,1905,2021,1,"PHI-2021","PHI-2021"
"Philadelphia 76ers",26.3,43,30,42,31,2.38,-0.13,2.25,111.3,109,2.3,99,0.255,0.36,0.566,0.534,12.7,23.9,0.193,0.523,12.5,80.3,0.214,"Wells Fargo Center",639491,20629,2020,1,"PHI-2020","PHI-2020"
"Philadelphia 76ers",23.3,10,72,16,66,-10.23,0.31,-9.92,98.8,109.2,-10.4,97.9,0.269,0.327,0.519,0.487,14.8,20.6,0.186,0.51,13.5,74,0.24,"Wells Fargo Center",614650,14991,2016,-6,"PHI-2016","PHI-2016"
"Phoenix Suns",26.2,48,34,48,34,2.63,0.39,3.02,109.5,106.7,2.8,95.8,0.293,0.3,0.558,0.519,14,26.4,0.222,0.496,13.9,73.7,0.237,"US Airways Center",650739,15872,2014,0,"PHX-2014","PHX-2014"
"Phoenix Suns",29.5,46,36,46,36,1.93,-0.31,1.62,113.6,111.6,2,96,0.336,0.216,0.584,0.545,14.4,27.7,0.25,0.511,12.8,71.7,0.233,"US Airways Center",755302,18422,2009,0,"PHX-2009","PHX-2009"
"Phoenix Suns",28.9,33,33,32,34,-0.24,0.53,0.29,106.2,106.5,-0.3,92.6,0.257,0.238,0.536,0.499,13.3,25.8,0.194,0.491,13.1,71.7,0.2,"US Airways Center",514718,15598,2012,1,"PHX-2012","PHX-2012"
"Phoenix Suns",29.3,55,27,54,28,5.05,0.09,5.14,113.3,108.1,5.2,96.7,0.292,0.26,0.59,0.551,13.4,22.4,0.228,0.488,11.8,70.9,0.191,"US Airways Center",755302,18422,2008,1,"PHX-2008","PHX-2008"
"Phoenix Suns",26.6,51,21,49,23,5.82,-0.15,5.67,117.2,111.3,5.9,97.2,0.212,0.392,0.597,0.564,11.5,20.8,0.177,0.534,12.4,78.5,0.194,"Phoenix Suns Arena",104027,2890,2021,2,"PHX-2021","PHX-2021"
"Phoenix Suns",27.5,64,18,59,23,7.5,-0.56,6.94,114.8,107.3,7.5,99.8,0.221,0.354,0.581,0.549,11.6,22.3,0.176,0.51,13,77.1,0.195,"Phoenix Suns Arena",663171,16175,2022,5,"PHX-2022","PHX-2022"
"Phoenix Suns",26.9,25,57,23,59,-6.46,0.71,-5.75,101.2,108.1,-6.9,93.4,0.234,0.21,0.512,0.477,14.3,27,0.174,0.512,14.2,71.9,0.208,"US Airways Center",632913,15437,2013,2,"PHX-2013","PHX-2013"
"Phoenix Suns",23.7,21,61,19,63,-9.37,0.57,-8.8,103.5,112.8,-9.3,100.3,0.275,0.32,0.532,0.495,13.9,22.5,0.203,0.533,11.9,76.5,0.212,"Talking Stick Resort Arena",690576,16843,2018,2,"PHX-2018","PHX-2018"
"Phoenix Suns",24,19,63,19,63,-9.34,0.73,-8.61,105.9,115.1,-9.2,100.5,0.259,0.335,0.552,0.514,13.8,20.5,0.202,0.545,13.5,72.5,0.236,"Talking Stick Resort Arena",627023,15293,2019,0,"PHX-2019","PHX-2019"
"Phoenix Suns",28.5,54,28,54,28,4.9,-0.23,4.67,115.3,110.2,5.1,95.3,0.312,0.261,0.585,0.546,13.6,27.6,0.24,0.491,11.6,70.8,0.224,"US Airways Center",723582,17648,2010,0,"PHX-2010","PHX-2010"
"Phoenix Suns",25.7,39,43,38,44,-0.9,0.52,-0.38,105.3,106.2,-0.9,96.3,0.251,0.291,0.537,0.501,13.7,24.5,0.191,0.497,14,73.5,0.221,"US Airways Center",693862,16923,2015,1,"PHX-2015","PHX-2015"
"Phoenix Suns",27.6,61,21,59,23,7.3,-0.03,7.28,113.9,106.4,7.5,95.6,0.267,0.287,0.59,0.551,13.4,22.7,0.215,0.492,13.6,71.9,0.206,"US Airways Center",755302,18422,2007,2,"PHX-2007","PHX-2007"
"Phoenix Suns",25,24,58,27,55,-5.63,0.49,-5.14,106.6,112.2,-5.6,100.3,0.297,0.255,0.538,0.493,13.4,26,0.231,0.525,13.1,76.4,0.264,"Talking Stick Resort Arena",708639,17134,2017,-3,"PHX-2017","PHX-2017"
"Phoenix Suns",26,23,59,24,58,-6.66,0.34,-6.32,102.2,109,-6.8,98.5,0.271,0.302,0.526,0.487,15.2,25.4,0.204,0.523,13.5,77.1,0.237,"Talking Stick Resort Arena",701405,17107,2016,-1,"PHX-2016","PHX-2016"
"Phoenix Suns",29.6,40,42,39,43,-0.89,0.43,-0.46,109.5,110.4,-0.9,94.4,0.283,0.271,0.559,0.522,13.2,23.7,0.215,0.513,13.1,71.6,0.211,"US Airways Center",720249,17567,2011,1,"PHX-2011","PHX-2011"
"Phoenix Suns",24.6,34,39,37,36,0.22,0.35,0.56,111.7,111.4,0.3,101.3,0.271,0.361,0.576,0.532,13,22.2,0.226,0.539,13.7,78.8,0.221,"Talking Stick Resort Arena",550633,15606,2020,-3,"PHX-2020","PHX-2020"
"Portland Trail Blazers",25.8,54,28,52,30,3.99,0.45,4.44,111.5,107.4,4.1,94.9,0.27,0.29,0.548,0.504,12.4,28,0.22,0.488,11,74.7,0.194,"Moda Center",809612,19747,2014,2,"POR-2014","POR-2014"
"Portland Trail Blazers",27.4,42,30,40,32,1.79,0.01,1.81,117.8,116,1.8,98.4,0.238,0.448,0.577,0.54,9.9,23,0.195,0.546,11.2,77.5,0.203,"Moda Center",5817,162,2021,2,"POR-2021","POR-2021"
"Portland Trail Blazers",26.2,53,29,51,31,4.2,0.24,4.43,114.7,110.5,4.2,99.1,0.258,0.339,0.568,0.528,12.1,26.6,0.21,0.516,11,77.9,0.195,"Moda Center",799345,19496,2019,2,"POR-2019","POR-2019"
"Portland Trail Blazers",27.5,28,38,32,34,-0.62,0.41,-0.22,105.7,106.4,-0.7,91.2,0.263,0.255,0.531,0.488,13.4,26.3,0.209,0.504,14.1,72.8,0.199,"Rose Garden Arena",676384,20496,2012,-4,"POR-2012","POR-2012"
"Portland Trail Blazers",24.3,44,38,43,39,0.83,0.15,0.98,108.8,108,0.8,96,0.268,0.332,0.548,0.511,13.2,25.9,0.202,0.503,12.1,76.2,0.225,"Moda Center",794085,19368,2016,1,"POR-2016","POR-2016"
"Portland Trail Blazers",24.4,33,49,32,50,-3.17,0.65,-2.53,105.8,109.2,-3.4,91.4,0.25,0.284,0.536,0.498,13.9,25.3,0.194,0.512,12.5,73.3,0.189,"Rose Garden Arena",813012,19830,2013,1,"POR-2013","POR-2013"
"Portland Trail Blazers",26.6,50,32,51,31,3.3,-0.13,3.18,110.8,107.1,3.7,87.7,0.315,0.215,0.547,0.499,12.1,28.2,0.249,0.502,13.3,74.8,0.219,"Rose Garden Arena",840371,20497,2010,-1,"POR-2010","POR-2010"
"Portland Trail Blazers",24.4,32,50,29,53,-4.29,0.51,-3.78,105.1,109.9,-4.8,88.3,0.314,0.193,0.53,0.483,14.5,28.2,0.241,0.508,13.5,73,0.267,"Rose Garden Arena",670778,16360,2007,3,"POR-2007","POR-2007"
"Portland Trail Blazers",24.8,41,41,40,42,-0.52,0.3,-0.23,110.3,110.8,-0.5,96.7,0.275,0.322,0.559,0.52,12.5,23,0.214,0.508,11.6,76.8,0.241,"Moda Center",792029,19318,2017,1,"POR-2017","POR-2017"
"Portland Trail Blazers",25.6,49,33,48,34,2.6,0,2.6,109.1,106.4,2.7,96.5,0.24,0.324,0.549,0.511,12.3,23.3,0.192,0.503,11.7,79.1,0.193,"Moda Center",795750,19409,2018,1,"POR-2018","POR-2018"
"Portland Trail Blazers",25.6,27,55,20,62,-8.88,0.33,-8.55,107.8,116.9,-9.1,98.3,0.248,0.422,0.55,0.515,13,22.9,0.188,0.559,12.7,76.9,0.222,"Moda Center",705608,17210,2022,7,"POR-2022","POR-2022"
"Portland Trail Blazers",27.5,35,39,34,40,-1.15,0.54,-0.61,113.7,114.8,-1.1,100.7,0.242,0.374,0.57,0.533,11.2,22.4,0.194,0.53,11.2,75.3,0.208,"Moda Center",628303,19634,2020,1,"POR-2020","POR-2020"
"Portland Trail Blazers",24,54,28,56,26,5.34,-0.35,5,113.9,107.8,6.1,86.6,0.306,0.239,0.553,0.511,12.5,32.6,0.234,0.499,13.2,75,0.227,"Rose Garden Arena",841499,20524,2009,-2,"POR-2009","POR-2009"
"Portland Trail Blazers",27,51,31,53,29,4.23,0.18,4.41,108.2,103.7,4.5,94.2,0.225,0.316,0.544,0.508,12.6,24.2,0.18,0.476,11.3,76.2,0.182,"Moda Center",798368,19472,2015,-2,"POR-2015","POR-2015"
"Portland Trail Blazers",24.1,41,41,38,44,-0.98,0.45,-0.52,107.3,108.4,-1.1,87.9,0.281,0.218,0.532,0.489,12.6,26.8,0.216,0.491,12.1,71.8,0.212,"Rose Garden Arena",801566,19550,2008,3,"POR-2008","POR-2008"
"Portland Trail Blazers",26.7,48,34,46,36,1.52,0.32,1.85,108.8,107.1,1.7,87.9,0.278,0.228,0.533,0.486,12.6,29.5,0.224,0.51,15.4,72,0.231,"Rose Garden Arena",840924,20510,2011,2,"POR-2011","POR-2011"
"Sacramento Kings",24.3,22,44,21,45,-5.68,0.73,-4.95,103.8,109.8,-6,94.7,0.268,0.228,0.51,0.472,13,29.1,0.197,0.515,13.9,70.5,0.199,"Power Balance Pavilion",478764,14508,2012,1,"SAC-2012","SAC-2012"
"Sacramento Kings",24.8,24,58,27,55,-5.34,0.54,-4.8,103.5,109,-5.5,95.2,0.284,0.183,0.519,0.48,14.4,29.9,0.208,0.513,13.5,74.4,0.233,"Power Balance Pavilion",569496,13890,2011,-3,"SAC-2011","SAC-2011"
"Sacramento Kings",25.6,31,41,28,44,-3.68,0.23,-3.45,113.6,117.2,-3.6,100,0.248,0.376,0.578,0.549,12,21.3,0.185,0.557,12.1,75,0.199,"Golden 1 Center",NA,NA,2021,3,"SAC-2021","SAC-2021"
"Sacramento Kings",24.1,25,57,29,53,-4.37,0.3,-4.06,105.3,109.9,-4.6,94,0.286,0.201,0.528,0.491,13.6,27.8,0.207,0.505,12.6,73.5,0.244,"Power Balance Pavilion",543416,13254,2010,-4,"SAC-2010","SAC-2010"
"Sacramento Kings",27.3,38,44,35,47,-2.26,0.4,-1.86,107.5,109.9,-2.4,94.7,0.346,0.208,0.556,0.503,14.8,25.2,0.276,0.51,13.9,71.7,0.256,"ARCO Arena (II)",580181,14151,2008,3,"SAC-2008","SAC-2008"
"Sacramento Kings",27,31,41,31,41,-2.04,0.46,-1.59,110.2,112.2,-2,98.9,0.23,0.395,0.566,0.534,13,21.9,0.177,0.543,13.6,78.4,0.225,"Golden 1 Center",520663,16796,2020,0,"SAC-2020","SAC-2020"
"Sacramento Kings",26,29,53,31,51,-3.71,0.64,-3.07,105.3,109.2,-3.9,95.4,0.363,0.204,0.542,0.49,14.8,26.5,0.276,0.507,11.8,75.2,0.2,"Sleep Train Arena",680049,16587,2015,-2,"SAC-2015","SAC-2015"
"Sacramento Kings",24.9,28,54,33,49,-2.9,0.82,-2.08,105.7,108.8,-3.1,94.4,0.331,0.218,0.532,0.484,13.9,27.8,0.251,0.512,12.7,76.6,0.234,"Sleep Train Arena",667949,16291,2014,-5,"SAC-2014","SAC-2014"
"Sacramento Kings",25.8,30,52,28,54,-5.46,0.2,-5.26,109.9,115.3,-5.4,99.8,0.264,0.377,0.561,0.525,12.5,21.3,0.203,0.551,11.9,76,0.176,"Golden 1 Center",577583,14087,2022,2,"SAC-2022","SAC-2022"
"Sacramento Kings",24.8,39,43,38,44,-1.12,0.31,-0.81,110.4,111.5,-1.1,103.1,0.244,0.321,0.554,0.524,11.5,23.1,0.177,0.533,13.6,75.5,0.207,"Golden 1 Center",700975,17097,2019,1,"SAC-2019","SAC-2019"
"Sacramento Kings",26.6,33,49,34,48,-2.48,0.16,-2.32,106,108.4,-2.4,100,0.295,0.26,0.546,0.51,14.2,23.9,0.214,0.521,14,74.9,0.202,"Sleep Train Arena",707526,17222,2016,-1,"SAC-2016","SAC-2016"
"Sacramento Kings",26.4,27,55,23,59,-6.99,0.39,-6.6,103.7,111.1,-7.4,94.9,0.194,0.278,0.529,0.502,12.8,21.5,0.143,0.542,13.5,77.6,0.199,"Golden 1 Center",714680,17431,2018,4,"SAC-2018","SAC-2018"
"Sacramento Kings",27.9,32,50,31,51,-3.88,0.58,-3.29,107.3,111.3,-4,94.9,0.284,0.291,0.556,0.516,13.7,21,0.22,0.528,12.9,76.3,0.227,"Golden 1 Center",721928,17608,2017,1,"SAC-2017","SAC-2017"
"Sacramento Kings",27.3,33,49,36,46,-1.8,0.46,-1.35,106.2,108,-1.8,94.8,0.379,0.232,0.545,0.491,13.5,23.1,0.289,0.513,14.9,72.5,0.24,"ARCO Arena (II)",709997,17317,2007,-3,"SAC-2007","SAC-2007"
"Sacramento Kings",25.6,28,54,28,54,-4.88,0.62,-4.26,106.2,111.4,-5.2,93.6,0.271,0.243,0.532,0.491,13.4,26.6,0.208,0.517,13.6,71,0.227,"Sleep Train Arena",563743,13750,2013,0,"SAC-2013","SAC-2013"
"Sacramento Kings",26.3,17,65,19,63,-8.76,0.16,-8.6,105.5,114.7,-9.2,94.2,0.315,0.238,0.542,0.491,14.3,24.5,0.252,0.526,13,69.9,0.269,"ARCO Arena (II)",520169,12687,2009,-2,"SAC-2009","SAC-2009"
"San Antonio Spurs",30.4,58,24,64,18,8.43,-0.08,8.35,109.2,99.9,9.3,89.8,0.313,0.247,0.561,0.521,13.6,24.2,0.235,0.471,14,75.7,0.201,"AT&T Center",764823,18654,2007,-6,"SAS-2007","SAS-2007"
"San Antonio Spurs",29.8,55,27,58,24,6.2,0.14,6.34,108.5,102,6.5,93.8,0.256,0.269,0.555,0.517,13.1,23.4,0.2,0.484,13.3,77.3,0.19,"AT&T Center",762855,18606,2015,-3,"SAS-2015","SAS-2015"
"San Antonio Spurs",28.8,61,21,56,26,5.71,0.16,5.86,111.8,105.6,6.2,92.3,0.299,0.261,0.567,0.527,12.8,24.9,0.229,0.491,12.6,74.6,0.19,"AT&T Center",750879,18314,2011,5,"SAS-2011","SAS-2011"
"San Antonio Spurs",27.6,32,39,33,38,-1.11,0.46,-0.65,112.4,113.5,-1.1,100.5,0.262,0.318,0.572,0.531,11.2,20.1,0.212,0.542,11.7,79.2,0.193,"AT&T Center",550515,18351,2020,-1,"SAS-2020","SAS-2020"
"San Antonio Spurs",27.5,50,16,48,18,7.17,0.11,7.28,110.9,103.2,7.7,92.9,0.261,0.257,0.562,0.528,12.8,25.1,0.195,0.489,12.9,76,0.168,"AT&T Center",607095,18397,2012,2,"SAS-2012","SAS-2012"
"San Antonio Spurs",28.9,62,20,61,21,7.72,0.28,8,110.5,102.4,8.1,95,0.24,0.257,0.571,0.537,13.5,22.7,0.188,0.482,12.8,76.4,0.184,"AT&T Center",755031,18415,2014,1,"SAS-2014","SAS-2014"
"San Antonio Spurs",29.6,61,21,60,22,7.2,-0.06,7.13,111.1,103.5,7.6,94.2,0.263,0.281,0.564,0.524,12.6,24,0.21,0.492,13.5,77.6,0.192,"AT&T Center",755347,18423,2017,1,"SAS-2017","SAS-2017"
"San Antonio Spurs",26.2,33,39,32,40,-1.74,0.15,-1.58,111,112.8,-1.8,98.9,0.243,0.314,0.554,0.517,10.2,20,0.192,0.541,11.8,77.3,0.174,"AT&T Center",61053,1696,2021,1,"SAS-2021","SAS-2021"
"San Antonio Spurs",28.8,48,34,45,37,1.68,0.12,1.8,112.9,111.2,1.7,98.3,0.237,0.286,0.572,0.534,11,21,0.194,0.528,11,79.4,0.17,"AT&T Center",750616,18308,2019,3,"SAS-2019","SAS-2019"
"San Antonio Spurs",28.7,50,32,55,27,5.09,-0.02,5.07,110,104.5,5.5,91.7,0.296,0.232,0.552,0.515,12.9,26.8,0.219,0.483,12.1,76.3,0.214,"AT&T Center",741676,18090,2010,-5,"SAS-2010","SAS-2010"
"San Antonio Spurs",24.5,34,48,41,41,0.12,-0.1,0.02,112.4,112.3,0.1,100,0.22,0.345,0.556,0.527,11.1,23.7,0.166,0.532,12.1,75.1,0.176,"AT&T Center",615588,15014,2022,-7,"SAS-2022","SAS-2022"
"San Antonio Spurs",29.3,47,35,49,33,2.89,0,2.89,107.9,104.8,3.1,95,0.245,0.282,0.543,0.507,12.2,23.7,0.189,0.507,13.2,78.6,0.17,"AT&T Center",754562,18404,2018,-2,"SAS-2018","SAS-2018"
"San Antonio Spurs",30.3,67,15,67,15,10.63,-0.36,10.28,110.3,99,11.3,93.8,0.246,0.223,0.564,0.526,12.4,23,0.197,0.477,14.1,79.1,0.182,"AT&T Center",756445,18450,2016,0,"SAS-2016","SAS-2016"
"San Antonio Spurs",28.6,58,24,58,24,6.4,0.27,6.67,108.3,101.6,6.7,94.2,0.258,0.264,0.568,0.531,14,20.5,0.204,0.48,13.7,74.9,0.179,"AT&T Center",755700,18432,2013,0,"SAS-2013","SAS-2013"
"San Antonio Spurs",31.4,56,26,55,27,4.79,0.31,5.1,107.2,101.8,5.4,88.8,0.276,0.251,0.543,0.504,12.6,23.4,0.21,0.477,12.8,77.1,0.201,"AT&T Center",761149,18565,2008,1,"SAS-2008","SAS-2008"
"San Antonio Spurs",30.4,54,28,52,30,3.76,-0.4,3.36,108.5,104.3,4.2,88.4,0.251,0.248,0.548,0.513,11.7,22.1,0.191,0.487,11.7,78,0.191,"AT&T Center",749048,18269,2009,2,"SAS-2009","SAS-2009"
"Seattle SuperSonics",25.4,20,62,19,63,-8.76,0.72,-8.04,100.5,109.5,-9,96.3,0.265,0.134,0.509,0.467,14.3,26.8,0.204,0.503,11.9,73.7,0.215,"KeyArena at Seattle Center",547556,13355,2008,1,"OKC-2008","OKC-2008"
"Seattle SuperSonics",25.9,31,51,33,49,-2.89,0.45,-2.45,107.2,110.3,-3.1,91.8,0.288,0.219,0.544,0.499,14.5,27.8,0.228,0.515,14.1,70.9,0.243,"KeyArena at Seattle Center",654163,15955,2007,-2,"OKC-2007","OKC-2007"
"Toronto Raptors",25.4,34,48,37,45,-1.48,-0.48,-1.96,105.9,107.5,-1.6,90.4,0.274,0.249,0.532,0.488,13,25.5,0.216,0.5,13.6,73.4,0.247,"Air Canada Centre",743936,18145,2013,-3,"TOR-2013","TOR-2013"
"Toronto Raptors",27.3,58,24,56,26,6.09,-0.6,5.49,113.1,107.1,6,100.2,0.247,0.379,0.579,0.543,12.4,21.9,0.198,0.509,13.1,77.1,0.19,"Scotiabank Arena",812822,19825,2019,2,"TOR-2019","TOR-2019"
"Toronto Raptors",24.8,48,34,47,35,2.29,0.08,2.38,112.9,110.5,2.4,96,0.234,0.375,0.543,0.51,11,28.4,0.177,0.535,14.4,75.6,0.199,"Scotiabank Arena",547343,13350,2022,1,"TOR-2022","TOR-2022"
"Toronto Raptors",26.1,49,33,49,33,3.07,-0.62,2.45,111,107.7,3.3,92.8,0.295,0.302,0.553,0.508,12,25.6,0.232,0.506,13.4,73.3,0.208,"Air Canada Centre",809824,19752,2015,0,"TOR-2015","TOR-2015"
"Toronto Raptors",25.7,23,43,25,41,-3.3,-0.36,-3.67,100.8,104.5,-3.7,89.3,0.274,0.209,0.518,0.475,14.8,25.9,0.211,0.475,12.8,75.4,0.26,"Air Canada Centre",555584,16836,2012,-2,"TOR-2012","TOR-2012"
"Toronto Raptors",25.8,59,23,60,22,7.78,-0.49,7.29,113.8,105.9,7.9,97.4,0.25,0.377,0.575,0.539,12.1,23,0.198,0.501,13,77.7,0.212,"Air Canada Centre",813431,19840,2018,-1,"TOR-2018","TOR-2018"
"Toronto Raptors",26.6,27,45,35,37,-0.47,-0.07,-0.54,112,112.5,-0.5,99.2,0.241,0.444,0.567,0.529,11.9,20.8,0.196,0.543,14.4,76.3,0.234,"Amalie Arena",26024,723,2021,-8,"TOR-2021","TOR-2021"
"Toronto Raptors",24.5,22,60,24,58,-6.28,0.01,-6.28,106.1,112.9,-6.8,92.9,0.293,0.162,0.533,0.491,13.7,28.2,0.221,0.522,13,72,0.251,"Air Canada Centre",680255,16592,2011,-2,"TOR-2011","TOR-2011"
"Toronto Raptors",26.3,56,26,53,29,4.5,-0.42,4.08,110,105.2,4.8,92.9,0.328,0.287,0.552,0.504,12.3,24.6,0.255,0.498,12.7,77.7,0.201,"Air Canada Centre",812863,19826,2016,3,"TOR-2016","TOR-2016"
"Toronto Raptors",25.6,48,34,50,32,3.24,-0.69,2.55,108.8,105.3,3.5,91.8,0.306,0.285,0.545,0.498,13.2,27.2,0.239,0.493,14.1,74.9,0.237,"Air Canada Centre",748339,18252,2014,-2,"TOR-2014","TOR-2014"
"Toronto Raptors",26.1,51,31,52,30,4.21,-0.56,3.65,112.3,107.8,4.5,94.7,0.293,0.289,0.561,0.517,11.8,25,0.233,0.507,13.5,76.3,0.223,"Air Canada Centre",813050,19830,2017,-1,"TOR-2017","TOR-2017"
"Toronto Raptors",25.2,40,42,36,46,-1.78,-0.05,-1.83,111.3,113.2,-1.9,93.1,0.319,0.211,0.564,0.521,12.7,24.7,0.244,0.513,11.8,72.9,0.247,"Air Canada Centre",733784,17897,2010,4,"TOR-2010","TOR-2010"
"Toronto Raptors",26,47,35,44,38,0.99,-0.38,0.61,107,106,1,92.6,0.303,0.224,0.55,0.504,13,22.2,0.239,0.503,14.3,74.5,0.219,"Air Canada Centre",748603,18259,2007,3,"TOR-2007","TOR-2007"
"Toronto Raptors",26.6,53,19,50,22,6.24,-0.26,5.97,111.1,105,6.1,100.9,0.264,0.421,0.574,0.536,13.1,21.3,0.21,0.502,14.6,76.7,0.202,"Scotiabank Arena",633456,19796,2020,3,"TOR-2020","TOR-2020"
"Toronto Raptors",27,33,49,33,49,-2.82,0.28,-2.54,107,110,-3,92,0.279,0.193,0.542,0.494,12.8,24,0.23,0.511,12.6,73.7,0.202,"Air Canada Centre",769707,18773,2009,0,"TOR-2009","TOR-2009"
"Toronto Raptors",26.3,41,41,49,33,2.9,-0.44,2.47,110.2,107,3.2,90.2,0.247,0.217,0.551,0.511,11.4,23.4,0.2,0.505,13.5,75,0.205,"Air Canada Centre",796835,19435,2008,-8,"TOR-2008","TOR-2008"
"Utah Jazz",29.3,49,33,56,26,6.04,-0.37,5.67,116.7,110.5,6.2,97.1,0.271,0.468,0.589,0.555,12.7,25.4,0.208,0.521,10.9,78.3,0.164,"Vivint Smart Home Arena",750546,18306,2022,-7,"UTA-2022","UTA-2022"
"Utah Jazz",27.3,44,28,42,30,2.47,0.05,2.52,112.3,109.9,2.4,98.6,0.268,0.414,0.585,0.549,13.7,21.6,0.208,0.518,11.1,78.9,0.185,"Vivint Smart Home Arena",567486,18306,2020,2,"UTA-2020","UTA-2020"
"Utah Jazz",25.5,48,34,48,34,2.65,-0.34,2.31,110.1,107.3,2.8,93.1,0.355,0.169,0.554,0.504,13.6,28.2,0.274,0.505,15,72.7,0.262,"EnergySolutions Arena",816042,19903,2009,0,"UTA-2009","UTA-2009"
"Utah Jazz",26.7,48,34,53,29,4.3,0.17,4.47,108.4,103.9,4.5,95.7,0.26,0.357,0.564,0.527,13.7,21.5,0.202,0.506,14,79.8,0.19,"Vivint Smart Home Arena",734806,17922,2018,-5,"UTA-2018","UTA-2018"
"Utah Jazz",24.5,25,57,22,60,-7.17,0.91,-6.27,103.5,111.3,-7.8,91.4,0.271,0.237,0.523,0.484,13.9,25.5,0.202,0.518,12.1,74.5,0.227,"EnergySolutions Arena",745203,18176,2014,3,"UTA-2014","UTA-2014"
"Utah Jazz",25.9,51,31,49,33,2.87,0.2,3.06,110.1,107,3.1,91.6,0.38,0.163,0.551,0.502,14.5,31.7,0.283,0.496,14.4,75.1,0.314,"EnergySolutions Arena",802214,19566,2007,2,"UTA-2007","UTA-2007"
"Utah Jazz",25.6,53,29,55,27,5.34,-0.01,5.33,110.7,105,5.7,93.8,0.34,0.184,0.565,0.524,14.2,26.8,0.252,0.492,14.2,75.6,0.269,"EnergySolutions Arena",794512,19378,2010,-2,"UTA-2010","UTA-2010"
"Utah Jazz",24.2,40,42,46,36,1.79,0.05,1.84,105.9,103.9,2,91,0.286,0.297,0.54,0.501,14.2,25.9,0.213,0.495,13.5,77.7,0.21,"Vivint Smart Home Arena",791489,19305,2016,-6,"UTA-2016","UTA-2016"
"Utah Jazz",25.6,36,30,34,32,0.62,0.3,0.92,106.8,106.1,0.7,91.4,0.302,0.153,0.525,0.481,13,30.2,0.227,0.493,13.8,73.8,0.245,"EnergySolutions Arena",637124,19307,2012,2,"UTA-2012","UTA-2012"
"Utah Jazz",25.3,54,28,59,23,6.88,-0.01,6.86,113.8,106.5,7.3,93.2,0.349,0.166,0.573,0.528,13.6,29.5,0.265,0.501,15,74.1,0.294,"EnergySolutions Arena",816211,19908,2008,-5,"UTA-2008","UTA-2008"
"Utah Jazz",26.3,43,39,41,41,-0.09,0.38,0.3,106.7,106.8,-0.1,90.9,0.281,0.206,0.533,0.492,13.8,28.8,0.214,0.501,14,73.2,0.226,"EnergySolutions Arena",763915,18632,2013,2,"UTA-2013","UTA-2013"
"Utah Jazz",27.3,50,32,54,28,5.26,0.03,5.28,110.9,105.7,5.2,100.3,0.295,0.394,0.572,0.538,13.4,22.9,0.217,0.507,12.4,80.3,0.189,"Vivint Smart Home Arena",750546,18306,2019,-4,"UTA-2019","UTA-2019"
"Utah Jazz",23.4,38,44,42,40,0.22,0.49,0.71,105.1,104.9,0.2,90.4,0.297,0.274,0.531,0.494,14.6,29.1,0.214,0.491,12.8,76.3,0.199,"EnergySolutions Arena",772059,18831,2015,-4,"UTA-2015","UTA-2015"
"Utah Jazz",26.8,39,43,36,46,-1.83,0.39,-1.44,108.1,110.1,-2,91,0.313,0.191,0.544,0.498,13.5,27,0.241,0.505,13.8,71.7,0.275,"EnergySolutions Arena",799982,19512,2011,3,"UTA-2011","UTA-2011"
"Utah Jazz",26.8,51,31,52,30,3.94,0.06,4,109.6,105.3,4.3,91.6,0.288,0.327,0.563,0.526,13.2,23.2,0.215,0.493,11.8,78.9,0.195,"Vivint Smart Home Arena",806142,19662,2017,-1,"UTA-2017","UTA-2017"
"Utah Jazz",28.5,52,20,55,17,9.25,-0.29,8.97,117.6,108.3,9.3,98.5,0.244,0.488,0.597,0.563,12.7,24.5,0.195,0.507,10.3,79.3,0.159,"Vivint Smart Home Arena",151300,4203,2021,-3,"UTA-2021","UTA-2021"
"Washington Wizards",24.9,23,59,22,60,-7.4,0.11,-7.3,102.4,110.2,-7.8,93.8,0.29,0.172,0.513,0.471,13.9,28,0.216,0.512,14.4,70.5,0.249,"Verizon Center",688466,16792,2011,1,"WAS-2011","WAS-2011"
"Washington Wizards",26.8,41,41,40,42,-0.51,-0.28,-0.8,110.1,110.6,-0.5,94.1,0.356,0.237,0.542,0.491,12.6,28.1,0.272,0.517,14.4,71,0.249,"Verizon Center",753283,18373,2007,1,"WAS-2007","WAS-2007"
"Washington Wizards",26,49,33,46,36,1.8,-0.45,1.36,111.2,109.3,1.9,97.4,0.254,0.284,0.564,0.528,12.8,24.1,0.199,0.524,13.8,75.5,0.213,"Verizon Center",697107,17003,2017,3,"WAS-2017","WAS-2017"
"Washington Wizards",26.6,34,38,32,40,-1.83,-0.01,-1.85,111.2,113,-1.8,104.1,0.288,0.319,0.569,0.531,12.3,21.3,0.221,0.539,12.5,77.6,0.217,"Capital One Arena",19198,533,2021,2,"WAS-2021","WAS-2021"
"Washington Wizards",24.2,20,46,22,44,-4.8,-0.34,-5.14,101,106.2,-5.2,92.5,0.253,0.196,0.508,0.472,14.2,27.3,0.184,0.492,14.2,70.9,0.229,"Verizon Center",552038,16728,2012,-2,"WAS-2012","WAS-2012"
"Washington Wizards",25.4,29,53,33,49,-2.54,-0.25,-2.78,100.2,103,-2.8,92.2,0.261,0.223,0.512,0.475,14.2,24.6,0.191,0.483,13.7,74.6,0.206,"Verizon Center",670070,16343,2013,-4,"WAS-2013","WAS-2013"
"Washington Wizards",25.9,35,47,32,50,-3.38,0.15,-3.23,111.1,114.5,-3.4,97,0.252,0.356,0.568,0.532,12.1,20.9,0.197,0.529,10.7,76.9,0.202,"Capital One Arena",641499,15646,2022,3,"WAS-2022","WAS-2022"
"Washington Wizards",26.9,43,39,43,39,0.59,-0.06,0.53,109.3,108.7,0.6,96.6,0.254,0.31,0.56,0.525,13.3,23.5,0.196,0.522,13.6,77.1,0.212,"Capital One Arena",739302,18032,2018,0,"WAS-2018","WAS-2018"
"Washington Wizards",27.3,41,41,40,42,-0.5,0,-0.5,105.3,105.8,-0.5,98.5,0.263,0.282,0.544,0.511,13.1,20.6,0.192,0.515,14.6,77.7,0.218,"Verizon Center",725426,17693,2016,1,"WAS-2016","WAS-2016"
"Washington Wizards",26.9,19,63,21,61,-7.46,0.48,-6.98,105.4,113.6,-8.2,91,0.293,0.18,0.524,0.48,13.2,27.7,0.224,0.533,13.3,71.4,0.227,"Verizon Center",681119,16613,2009,-2,"WAS-2009","WAS-2009"
"Washington Wizards",28.6,46,36,43,39,0.72,-0.55,0.17,103.7,103,0.7,93.7,0.259,0.203,0.534,0.499,14,24.9,0.192,0.481,12.9,77.3,0.21,"Verizon Center",747796,18239,2015,3,"WAS-2015","WAS-2015"
"Washington Wizards",27.6,26,56,28,54,-4.78,0.06,-4.72,104.2,109.4,-5.2,91.6,0.283,0.183,0.524,0.481,13.9,27.6,0.216,0.502,12.8,72.4,0.239,"Verizon Center",664398,16205,2010,-2,"WAS-2010","WAS-2010"
"Washington Wizards",27.2,43,39,40,42,-0.33,-0.28,-0.61,109.2,109.6,-0.4,89.5,0.297,0.241,0.535,0.489,12.5,28.9,0.233,0.513,13.5,72.8,0.217,"Verizon Center",736461,17962,2008,3,"WAS-2008","WAS-2008"
"Washington Wizards",26.5,32,50,34,48,-2.9,-0.4,-3.3,111.1,113.9,-2.8,101.4,0.266,0.37,0.567,0.531,12.3,21.3,0.204,0.546,13.5,74.1,0.199,"Capital One Arena",716996,17448,2019,-2,"WAS-2019","WAS-2019"
"Washington Wizards",25.1,25,47,26,46,-4.67,-0.57,-5.24,110.9,115.5,-4.6,102.7,0.27,0.358,0.562,0.523,12.2,22.2,0.213,0.558,13.9,75.3,0.231,"Capital One Arena",532702,16647,2020,-1,"WAS-2020","WAS-2020"
"Washington Wizards",26.3,44,38,45,37,1.27,-0.79,0.48,106,104.6,1.4,93.2,0.248,0.246,0.538,0.506,13.6,25.2,0.181,0.504,15,75.7,0.22,"Verizon Center",698068,17026,2014,-1,"WAS-2014","WAS-2014"
